fips_code,county_name,rating_area_count,rating_area_id
1001,Autauga County,1,AL11
1003,Baldwin County,1,AL13
1005,Barbour County,1,AL13
1007,Bibb County,1,AL03
1009,Blount County,1,AL03
1011,Bullock County,1,AL13
1013,Butler County,1,AL13
1015,Calhoun County,1,AL01
1017,Chambers County,1,AL13
1019,Cherokee County,1,AL13
1021,Chilton County,1,AL03
1023,Choctaw County,1,AL13
1025,Clarke County,1,AL13
1027,Clay County,1,AL13
1029,Cleburne County,1,AL13
1031,Coffee County,1,AL13
1033,Colbert County,1,AL07
1035,Conecuh County,1,AL13
1037,Coosa County,1,AL13
1039,Covington County,1,AL13
1041,Crenshaw County,1,AL13
1043,Cullman County,1,AL13
1045,Dale County,1,AL13
1047,Dallas County,1,AL13
1049,DeKalb County,1,AL13
1051,Elmore County,1,AL11
1053,Escambia County,1,AL13
1055,Etowah County,1,AL08
1057,Fayette County,1,AL13
1059,Franklin County,1,AL13
1061,Geneva County,1,AL06
1063,Greene County,1,AL12
1065,Hale County,1,AL12
1067,Henry County,1,AL06
1069,Houston County,1,AL06
1071,Jackson County,1,AL13
1073,Jefferson County,1,AL03
1075,Lamar County,1,AL13
1077,Lauderdale County,1,AL07
1079,Lawrence County,1,AL05
1081,Lee County,1,AL02
1083,Limestone County,1,AL09
1085,Lowndes County,1,AL11
1087,Macon County,1,AL13
1089,Madison County,1,AL09
1091,Marengo County,1,AL13
1093,Marion County,1,AL13
1095,Marshall County,1,AL13
1097,Mobile County,1,AL10
1099,Monroe County,1,AL13
1101,Montgomery County,1,AL11
1103,Morgan County,1,AL05
1105,Perry County,1,AL13
1107,Pickens County,1,AL13
1109,Pike County,1,AL13
1111,Randolph County,1,AL13
1113,Russell County,1,AL04
1115,St. Clair County,1,AL03
1117,Shelby County,1,AL03
1119,Sumter County,1,AL13
1121,Talladega County,1,AL13
1123,Tallapoosa County,1,AL13
1125,Tuscaloosa County,1,AL12
1127,Walker County,1,AL03
1129,Washington County,1,AL13
1131,Wilcox County,1,AL13
1133,Winston County,1,AL13
2013,Aleutians East Borough,2,AK01
2013,Aleutians East Borough,2,AK02
2016,Aleutians West Census Area,2,AK01
2016,Aleutians West Census Area,2,AK02
2020,Anchorage Municipality,2,AK01
2020,Anchorage Municipality,2,AK02
2050,Bethel Census Area,2,AK01
2050,Bethel Census Area,2,AK02
2060,Bristol Bay Borough,1,AK02
2063,Chugach,2,AK01
2063,Chugach,2,AK02
2066,Copper River,1,AK01
2068,Denali Borough,1,AK02
2070,Dillingham Census Area,2,AK01
2070,Dillingham Census Area,2,AK02
2090,Fairbanks North Star Borough,1,AK02
2100,Haines Borough,1,AK03
2105,Hoonah-Angoon Census Area,1,AK03
2110,Juneau City and Borough,1,AK03
2122,Kenai Peninsula Borough,2,AK01
2122,Kenai Peninsula Borough,2,AK02
2130,Ketchikan Gateway Borough,1,AK03
2150,Kodiak Island Borough,2,AK01
2150,Kodiak Island Borough,2,AK02
2158,Kusilvak Census Area,2,AK01
2158,Kusilvak Census Area,2,AK02
2164,Lake and Peninsula Borough,2,AK01
2164,Lake and Peninsula Borough,2,AK02
2170,Matanuska-Susitna Borough,1,AK02
2180,Nome Census Area,1,AK02
2185,North Slope Borough,1,AK02
2188,Northwest Arctic Borough,1,AK02
2195,Petersburg Census Area,1,AK03
2198,Prince of Wales-Hyder Census Area,1,AK03
2220,Sitka City and Borough,1,AK03
2230,Skagway Municipality,1,AK03
2240,Southeast Fairbanks Census Area,1,AK02
2275,Wrangell City and Borough,1,AK03
2282,Yakutat City and Borough,1,AK02
2290,Yukon-Koyukuk Census Area,2,AK01
2290,Yukon-Koyukuk Census Area,2,AK02
4001,Apache County,1,AZ01
4003,Cochise County,1,AZ07
4005,Coconino County,1,AZ01
4007,Gila County,1,AZ05
4009,Graham County,1,AZ07
4011,Greenlee County,1,AZ07
4012,La Paz County,1,AZ03
4013,Maricopa County,1,AZ04
4015,Mohave County,1,AZ01
4017,Navajo County,1,AZ01
4019,Pima County,1,AZ06
4021,Pinal County,1,AZ05
4023,Santa Cruz County,1,AZ06
4025,Yavapai County,1,AZ02
4027,Yuma County,1,AZ03
5001,Arkansas County,1,AR05
5003,Ashley County,1,AR05
5005,Baxter County,1,AR03
5007,Benton County,1,AR03
5009,Boone County,1,AR03
5011,Bradley County,1,AR05
5013,Calhoun County,1,AR06
5015,Carroll County,1,AR03
5017,Chicot County,1,AR05
5019,Clark County,1,AR04
5021,Clay County,1,AR02
5023,Cleburne County,1,AR01
5025,Cleveland County,1,AR05
5027,Columbia County,1,AR06
5029,Conway County,1,AR01
5031,Craighead County,1,AR02
5033,Crawford County,1,AR07
5035,Crittenden County,1,AR02
5037,Cross County,1,AR02
5039,Dallas County,1,AR05
5041,Desha County,1,AR05
5043,Drew County,1,AR05
5045,Faulkner County,1,AR01
5047,Franklin County,1,AR07
5049,Fulton County,1,AR02
5051,Garland County,1,AR04
5053,Grant County,1,AR01
5055,Greene County,1,AR02
5057,Hempstead County,1,AR06
5059,Hot Spring County,1,AR04
5061,Howard County,1,AR06
5063,Independence County,1,AR02
5065,Izard County,1,AR02
5067,Jackson County,1,AR02
5069,Jefferson County,1,AR05
5071,Johnson County,1,AR07
5073,Lafayette County,1,AR06
5075,Lawrence County,1,AR02
5077,Lee County,1,AR05
5079,Lincoln County,1,AR05
5081,Little River County,1,AR06
5083,Logan County,1,AR07
5085,Lonoke County,1,AR01
5087,Madison County,1,AR03
5089,Marion County,1,AR03
5091,Miller County,1,AR06
5093,Mississippi County,1,AR02
5095,Monroe County,1,AR05
5097,Montgomery County,1,AR04
5099,Nevada County,1,AR06
5101,Newton County,1,AR03
5103,Ouachita County,1,AR06
5105,Perry County,1,AR01
5107,Phillips County,1,AR05
5109,Pike County,1,AR04
5111,Poinsett County,1,AR02
5113,Polk County,1,AR07
5115,Pope County,1,AR01
5117,Prairie County,1,AR01
5119,Pulaski County,1,AR01
5121,Randolph County,1,AR02
5123,St. Francis County,1,AR02
5125,Saline County,1,AR01
5127,Scott County,1,AR07
5129,Searcy County,1,AR03
5131,Sebastian County,1,AR07
5133,Sevier County,1,AR06
5135,Sharp County,1,AR02
5137,Stone County,1,AR02
5139,Union County,1,AR06
5141,Van Buren County,1,AR01
5143,Washington County,1,AR03
5145,White County,1,AR01
5147,Woodruff County,1,AR02
5149,Yell County,1,AR01
6001,Alameda County,1,CA06
6003,Alpine County,1,CA01
6005,Amador County,1,CA01
6007,Butte County,1,CA01
6009,Calaveras County,1,CA01
6011,Colusa County,1,CA01
6013,Contra Costa County,1,CA05
6015,Del Norte County,1,CA01
6017,El Dorado County,1,CA03
6019,Fresno County,1,CA11
6021,Glenn County,1,CA01
6023,Humboldt County,1,CA01
6025,Imperial County,1,CA13
6027,Inyo County,1,CA13
6029,Kern County,1,CA14
6031,Kings County,1,CA11
6033,Lake County,1,CA01
6035,Lassen County,1,CA01
6037,Los Angeles County,2,CA15
6037,Los Angeles County,2,CA16
6039,Madera County,1,CA11
6041,Marin County,1,CA02
6043,Mariposa County,1,CA10
6045,Mendocino County,1,CA01
6047,Merced County,1,CA10
6049,Modoc County,1,CA01
6051,Mono County,1,CA13
6053,Monterey County,1,CA09
6055,Napa County,1,CA02
6057,Nevada County,1,CA01
6059,Orange County,1,CA18
6061,Placer County,1,CA03
6063,Plumas County,1,CA01
6065,Riverside County,1,CA17
6067,Sacramento County,1,CA03
6069,San Benito County,1,CA09
6071,San Bernardino County,1,CA17
6073,San Diego County,1,CA19
6075,San Francisco County,1,CA04
6077,San Joaquin County,1,CA10
6079,San Luis Obispo County,1,CA12
6081,San Mateo County,1,CA08
6083,Santa Barbara County,1,CA12
6085,Santa Clara County,1,CA07
6087,Santa Cruz County,1,CA09
6089,Shasta County,1,CA01
6091,Sierra County,1,CA01
6093,Siskiyou County,1,CA01
6095,Solano County,1,CA02
6097,Sonoma County,1,CA02
6099,Stanislaus County,1,CA10
6101,Sutter County,1,CA01
6103,Tehama County,1,CA01
6105,Trinity County,1,CA01
6107,Tulare County,1,CA10
6109,Tuolumne County,1,CA01
6111,Ventura County,1,CA12
6113,Yolo County,1,CA03
6115,Yuba County,1,CA01
8001,Adams County,1,CO03
8003,Alamosa County,1,CO08
8005,Arapahoe County,1,CO03
8007,Archuleta County,1,CO09
8009,Baca County,1,CO08
8011,Bent County,1,CO08
8013,Boulder County,1,CO01
8014,Broomfield County,1,CO03
8015,Chaffee County,1,CO08
8017,Cheyenne County,1,CO08
8019,Clear Creek County,1,CO03
8021,Conejos County,1,CO08
8023,Costilla County,1,CO08
8025,Crowley County,1,CO08
8027,Custer County,1,CO08
8029,Delta County,1,CO09
8031,Denver County,1,CO03
8033,Dolores County,1,CO09
8035,Douglas County,1,CO03
8037,Eagle County,1,CO09
8039,Elbert County,1,CO03
8041,El Paso County,1,CO02
8043,Fremont County,1,CO08
8045,Garfield County,1,CO09
8047,Gilpin County,1,CO03
8049,Grand County,1,CO09
8051,Gunnison County,1,CO09
8053,Hinsdale County,1,CO09
8055,Huerfano County,1,CO08
8057,Jackson County,1,CO09
8059,Jefferson County,1,CO03
8061,Kiowa County,1,CO08
8063,Kit Carson County,1,CO08
8065,Lake County,1,CO09
8067,La Plata County,1,CO09
8069,Larimer County,1,CO04
8071,Las Animas County,1,CO08
8073,Lincoln County,1,CO08
8075,Logan County,1,CO08
8077,Mesa County,1,CO05
8079,Mineral County,1,CO08
8081,Moffat County,1,CO09
8083,Montezuma County,1,CO09
8085,Montrose County,1,CO09
8087,Morgan County,1,CO08
8089,Otero County,1,CO08
8091,Ouray County,1,CO09
8093,Park County,1,CO03
8095,Phillips County,1,CO08
8097,Pitkin County,1,CO09
8099,Prowers County,1,CO08
8101,Pueblo County,1,CO07
8103,Rio Blanco County,1,CO09
8105,Rio Grande County,1,CO08
8107,Routt County,1,CO09
8109,Saguache County,1,CO08
8111,San Juan County,1,CO09
8113,San Miguel County,1,CO09
8115,Sedgwick County,1,CO08
8117,Summit County,1,CO09
8119,Teller County,1,CO02
8121,Washington County,1,CO08
8123,Weld County,1,CO06
8125,Yuma County,1,CO08
9001,Fairfield County,1,CT01
9003,Hartford County,1,CT02
9005,Litchfield County,1,CT03
9007,Middlesex County,1,CT04
9009,New Haven County,1,CT05
9011,New London County,1,CT06
9013,Tolland County,1,CT07
9015,Windham County,1,CT08
10001,Kent County,1,DE01
10003,New Castle County,1,DE01
10005,Sussex County,1,DE01
11001,District of Columbia,1,DC01
12001,Alachua County,1,FL01
12003,Baker County,1,FL02
12005,Bay County,1,FL03
12007,Bradford County,1,FL04
12009,Brevard County,1,FL05
12011,Broward County,1,FL06
12013,Calhoun County,1,FL07
12015,Charlotte County,1,FL08
12017,Citrus County,1,FL09
12019,Clay County,1,FL10
12021,Collier County,1,FL11
12023,Columbia County,1,FL12
12027,DeSoto County,1,FL13
12029,Dixie County,1,FL14
12031,Duval County,1,FL15
12033,Escambia County,1,FL16
12035,Flagler County,1,FL17
12037,Franklin County,1,FL18
12039,Gadsden County,1,FL19
12041,Gilchrist County,1,FL20
12043,Glades County,1,FL21
12045,Gulf County,1,FL22
12047,Hamilton County,1,FL23
12049,Hardee County,1,FL24
12051,Hendry County,1,FL25
12053,Hernando County,1,FL26
12055,Highlands County,1,FL27
12057,Hillsborough County,1,FL28
12059,Holmes County,1,FL29
12061,Indian River County,1,FL30
12063,Jackson County,1,FL31
12065,Jefferson County,1,FL32
12067,Lafayette County,1,FL33
12069,Lake County,1,FL34
12071,Lee County,1,FL35
12073,Leon County,1,FL36
12075,Levy County,1,FL37
12077,Liberty County,1,FL38
12079,Madison County,1,FL39
12081,Manatee County,1,FL40
12083,Marion County,1,FL41
12085,Martin County,1,FL42
12086,Miami-Dade County,1,FL43
12087,Monroe County,1,FL44
12089,Nassau County,1,FL45
12091,Okaloosa County,1,FL46
12093,Okeechobee County,1,FL47
12095,Orange County,1,FL48
12097,Osceola County,1,FL49
12099,Palm Beach County,1,FL50
12101,Pasco County,1,FL51
12103,Pinellas County,1,FL52
12105,Polk County,1,FL53
12107,Putnam County,1,FL54
12109,St. Johns County,1,FL58
12111,St. Lucie County,1,FL59
12113,Santa Rosa County,1,FL55
12115,Sarasota County,1,FL56
12117,Seminole County,1,FL57
12119,Sumter County,1,FL60
12121,Suwannee County,1,FL61
12123,Taylor County,1,FL62
12125,Union County,1,FL63
12127,Volusia County,1,FL64
12129,Wakulla County,1,FL65
12131,Walton County,1,FL66
12133,Washington County,1,FL67
13001,Appling County,1,GA14
13003,Atkinson County,1,GA11
13005,Bacon County,1,GA06
13007,Baker County,1,GA01
13009,Baldwin County,1,GA16
13011,Banks County,1,GA10
13013,Barrow County,1,GA02
13015,Bartow County,1,GA03
13017,Ben Hill County,1,GA15
13019,Berrien County,1,GA15
13021,Bibb County,1,GA12
13023,Bleckley County,1,GA12
13025,Brantley County,1,GA06
13027,Brooks County,1,GA15
13029,Bryan County,1,GA14
13031,Bulloch County,1,GA14
13033,Burke County,1,GA05
13035,Butts County,1,GA03
13037,Calhoun County,1,GA01
13039,Camden County,1,GA06
13043,Candler County,1,GA14
13045,Carroll County,1,GA04
13047,Catoosa County,1,GA07
13049,Charlton County,1,GA06
13051,Chatham County,1,GA14
13053,Chattahoochee County,1,GA08
13055,Chattooga County,1,GA13
13057,Cherokee County,1,GA03
13059,Clarke County,1,GA02
13061,Clay County,1,GA01
13063,Clayton County,1,GA03
13065,Clinch County,1,GA15
13067,Cobb County,1,GA03
13069,Coffee County,1,GA11
13071,Colquitt County,1,GA15
13073,Columbia County,1,GA05
13075,Cook County,1,GA15
13077,Coweta County,1,GA03
13079,Crawford County,1,GA12
13081,Crisp County,1,GA01
13083,Dade County,1,GA07
13085,Dawson County,1,GA10
13087,Decatur County,1,GA15
13089,DeKalb County,1,GA03
13091,Dodge County,1,GA12
13093,Dooly County,1,GA12
13095,Dougherty County,1,GA01
13097,Douglas County,1,GA03
13099,Early County,1,GA15
13101,Echols County,1,GA15
13103,Effingham County,1,GA14
13105,Elbert County,1,GA02
13107,Emanuel County,1,GA05
13109,Evans County,1,GA14
13111,Fannin County,1,GA09
13113,Fayette County,1,GA03
13115,Floyd County,1,GA13
13117,Forsyth County,1,GA03
13119,Franklin County,1,GA10
13121,Fulton County,1,GA03
13123,Gilmer County,1,GA13
13125,Glascock County,1,GA05
13127,Glynn County,1,GA06
13129,Gordon County,1,GA13
13131,Grady County,1,GA15
13133,Greene County,1,GA02
13135,Gwinnett County,1,GA03
13137,Habersham County,1,GA10
13139,Hall County,1,GA10
13141,Hancock County,1,GA16
13143,Haralson County,1,GA04
13145,Harris County,1,GA08
13147,Hart County,1,GA10
13149,Heard County,1,GA04
13151,Henry County,1,GA03
13153,Houston County,1,GA12
13155,Irwin County,1,GA15
13157,Jackson County,1,GA02
13159,Jasper County,1,GA03
13161,Jeff Davis County,1,GA11
13163,Jefferson County,1,GA05
13165,Jenkins County,1,GA05
13167,Johnson County,1,GA11
13169,Jones County,1,GA12
13171,Lamar County,1,GA03
13173,Lanier County,1,GA15
13175,Laurens County,1,GA11
13177,Lee County,1,GA01
13179,Liberty County,1,GA14
13181,Lincoln County,1,GA05
13183,Long County,1,GA14
13185,Lowndes County,1,GA15
13187,Lumpkin County,1,GA10
13189,McDuffie County,1,GA05
13191,McIntosh County,1,GA06
13193,Macon County,1,GA08
13195,Madison County,1,GA02
13197,Marion County,1,GA08
13199,Meriwether County,1,GA08
13201,Miller County,1,GA15
13205,Mitchell County,1,GA01
13207,Monroe County,1,GA12
13209,Montgomery County,1,GA11
13211,Morgan County,1,GA02
13213,Murray County,1,GA09
13215,Muscogee County,1,GA08
13217,Newton County,1,GA03
13219,Oconee County,1,GA02
13221,Oglethorpe County,1,GA02
13223,Paulding County,1,GA03
13225,Peach County,1,GA12
13227,Pickens County,1,GA13
13229,Pierce County,1,GA06
13231,Pike County,1,GA03
13233,Polk County,1,GA13
13235,Pulaski County,1,GA12
13237,Putnam County,1,GA12
13239,Quitman County,1,GA08
13241,Rabun County,1,GA10
13243,Randolph County,1,GA01
13245,Richmond County,1,GA05
13247,Rockdale County,1,GA03
13249,Schley County,1,GA01
13251,Screven County,1,GA14
13253,Seminole County,1,GA15
13255,Spalding County,1,GA03
13257,Stephens County,1,GA10
13259,Stewart County,1,GA08
13261,Sumter County,1,GA01
13263,Talbot County,1,GA08
13265,Taliaferro County,1,GA05
13267,Tattnall County,1,GA14
13269,Taylor County,1,GA08
13271,Telfair County,1,GA11
13273,Terrell County,1,GA01
13275,Thomas County,1,GA15
13277,Tift County,1,GA15
13279,Toombs County,1,GA11
13281,Towns County,1,GA10
13283,Treutlen County,1,GA11
13285,Troup County,1,GA08
13287,Turner County,1,GA15
13289,Twiggs County,1,GA12
13291,Union County,1,GA10
13293,Upson County,1,GA08
13295,Walker County,1,GA07
13297,Walton County,1,GA03
13299,Ware County,1,GA06
13301,Warren County,1,GA05
13303,Washington County,1,GA16
13305,Wayne County,1,GA06
13307,Webster County,1,GA08
13309,Wheeler County,1,GA11
13311,White County,1,GA10
13313,Whitfield County,1,GA09
13315,Wilcox County,1,GA12
13317,Wilkes County,1,GA05
13319,Wilkinson County,1,GA16
13321,Worth County,1,GA01
15001,Hawaii County,1,HI01
15003,Honolulu County,1,HI01
15005,Kalawao County,1,HI01
15007,Kauai County,1,HI01
15009,Maui County,1,HI01
16001,Ada County,1,ID03
16003,Adams County,1,ID03
16005,Bannock County,1,ID06
16007,Bear Lake County,1,ID06
16009,Benewah County,1,ID01
16011,Bingham County,1,ID06
16013,Blaine County,1,ID05
16015,Boise County,1,ID03
16017,Bonner County,1,ID01
16019,Bonneville County,1,ID04
16021,Boundary County,1,ID01
16023,Butte County,1,ID04
16025,Camas County,1,ID05
16027,Canyon County,1,ID03
16029,Caribou County,1,ID06
16031,Cassia County,1,ID05
16033,Clark County,1,ID04
16035,Clearwater County,1,ID02
16037,Custer County,1,ID04
16039,Elmore County,1,ID03
16041,Franklin County,1,ID06
16043,Fremont County,1,ID04
16045,Gem County,1,ID03
16047,Gooding County,1,ID05
16049,Idaho County,1,ID02
16051,Jefferson County,1,ID04
16053,Jerome County,1,ID05
16055,Kootenai County,1,ID01
16057,Latah County,1,ID02
16059,Lemhi County,1,ID04
16061,Lewis County,1,ID02
16063,Lincoln County,1,ID05
16065,Madison County,1,ID04
16067,Minidoka County,1,ID05
16069,Nez Perce County,1,ID02
16071,Oneida County,1,ID06
16073,Owyhee County,1,ID03
16075,Payette County,1,ID03
16077,Power County,1,ID06
16079,Shoshone County,1,ID01
16081,Teton County,1,ID04
16083,Twin Falls County,1,ID05
16085,Valley County,1,ID03
16087,Washington County,1,ID03
17001,Adams County,1,IL10
17003,Alexander County,1,IL13
17005,Bond County,1,IL11
17007,Boone County,1,IL05
17009,Brown County,1,IL10
17011,Bureau County,1,IL06
17013,Calhoun County,1,IL11
17015,Carroll County,1,IL05
17017,Cass County,1,IL10
17019,Champaign County,1,IL09
17021,Christian County,1,IL10
17023,Clark County,1,IL09
17025,Clay County,1,IL13
17027,Clinton County,1,IL11
17029,Coles County,1,IL09
17031,Cook County,1,IL01
17033,Crawford County,1,IL13
17035,Cumberland County,1,IL09
17037,DeKalb County,1,IL05
17039,De Witt County,1,IL08
17041,Douglas County,1,IL09
17043,DuPage County,1,IL03
17045,Edgar County,1,IL09
17047,Edwards County,1,IL13
17049,Effingham County,1,IL13
17051,Fayette County,1,IL13
17053,Ford County,1,IL09
17055,Franklin County,1,IL13
17057,Fulton County,1,IL07
17059,Gallatin County,1,IL13
17061,Greene County,1,IL11
17063,Grundy County,1,IL04
17065,Hamilton County,1,IL13
17067,Hancock County,1,IL06
17069,Hardin County,1,IL13
17071,Henderson County,1,IL06
17073,Henry County,1,IL06
17075,Iroquois County,1,IL09
17077,Jackson County,1,IL13
17079,Jasper County,1,IL13
17081,Jefferson County,1,IL13
17083,Jersey County,1,IL11
17085,Jo Daviess County,1,IL05
17087,Johnson County,1,IL13
17089,Kane County,1,IL03
17091,Kankakee County,1,IL04
17093,Kendall County,1,IL04
17095,Knox County,1,IL07
17097,Lake County,1,IL02
17099,LaSalle County,1,IL07
17101,Lawrence County,1,IL13
17103,Lee County,1,IL05
17105,Livingston County,1,IL08
17107,Logan County,1,IL10
17109,McDonough County,1,IL07
17111,McHenry County,1,IL02
17113,McLean County,1,IL08
17115,Macon County,1,IL10
17117,Macoupin County,1,IL11
17119,Madison County,1,IL12
17121,Marion County,1,IL13
17123,Marshall County,1,IL07
17125,Mason County,1,IL10
17127,Massac County,1,IL13
17129,Menard County,1,IL10
17131,Mercer County,1,IL06
17133,Monroe County,1,IL12
17135,Montgomery County,1,IL11
17137,Morgan County,1,IL10
17139,Moultrie County,1,IL10
17141,Ogle County,1,IL05
17143,Peoria County,1,IL07
17145,Perry County,1,IL13
17147,Piatt County,1,IL09
17149,Pike County,1,IL10
17151,Pope County,1,IL13
17153,Pulaski County,1,IL13
17155,Putnam County,1,IL07
17157,Randolph County,1,IL11
17159,Richland County,1,IL13
17161,Rock Island County,1,IL06
17163,St. Clair County,1,IL12
17165,Saline County,1,IL13
17167,Sangamon County,1,IL10
17169,Schuyler County,1,IL10
17171,Scott County,1,IL10
17173,Shelby County,1,IL10
17175,Stark County,1,IL07
17177,Stephenson County,1,IL05
17179,Tazewell County,1,IL07
17181,Union County,1,IL13
17183,Vermilion County,1,IL09
17185,Wabash County,1,IL13
17187,Warren County,1,IL06
17189,Washington County,1,IL11
17191,Wayne County,1,IL13
17193,White County,1,IL13
17195,Whiteside County,1,IL06
17197,Will County,1,IL04
17199,Williamson County,1,IL13
17201,Winnebago County,1,IL05
17203,Woodford County,1,IL07
18001,Adams County,1,IN03
18003,Allen County,1,IN04
18005,Bartholomew County,1,IN12
18007,Benton County,1,IN05
18009,Blackford County,1,IN08
18011,Boone County,1,IN10
18013,Brown County,1,IN13
18015,Carroll County,1,IN07
18017,Cass County,1,IN06
18019,Clark County,1,IN16
18021,Clay County,1,IN09
18023,Clinton County,1,IN07
18025,Crawford County,1,IN16
18027,Daviess County,1,IN15
18029,Dearborn County,1,IN14
18031,Decatur County,1,IN12
18033,DeKalb County,1,IN03
18035,Delaware County,1,IN08
18037,Dubois County,1,IN15
18039,Elkhart County,1,IN02
18041,Fayette County,1,IN11
18043,Floyd County,1,IN16
18045,Fountain County,1,IN07
18047,Franklin County,1,IN14
18049,Fulton County,1,IN06
18051,Gibson County,1,IN17
18053,Grant County,1,IN08
18055,Greene County,1,IN15
18057,Hamilton County,1,IN10
18059,Hancock County,1,IN11
18061,Harrison County,1,IN16
18063,Hendricks County,1,IN10
18065,Henry County,1,IN11
18067,Howard County,1,IN06
18069,Huntington County,1,IN03
18071,Jackson County,1,IN12
18073,Jasper County,1,IN05
18075,Jay County,1,IN08
18077,Jefferson County,1,IN16
18079,Jennings County,1,IN12
18081,Johnson County,1,IN13
18083,Knox County,1,IN15
18085,Kosciusko County,1,IN02
18087,LaGrange County,1,IN03
18089,Lake County,1,IN01
18091,LaPorte County,1,IN01
18093,Lawrence County,1,IN13
18095,Madison County,1,IN11
18097,Marion County,1,IN10
18099,Marshall County,1,IN02
18101,Martin County,1,IN15
18103,Miami County,1,IN06
18105,Monroe County,1,IN13
18107,Montgomery County,1,IN07
18109,Morgan County,1,IN10
18111,Newton County,1,IN05
18113,Noble County,1,IN03
18115,Ohio County,1,IN14
18117,Orange County,1,IN15
18119,Owen County,1,IN13
18121,Parke County,1,IN09
18123,Perry County,1,IN15
18125,Pike County,1,IN15
18127,Porter County,1,IN01
18129,Posey County,1,IN17
18131,Pulaski County,1,IN06
18133,Putnam County,1,IN07
18135,Randolph County,1,IN08
18137,Ripley County,1,IN14
18139,Rush County,1,IN12
18141,St. Joseph County,1,IN02
18143,Scott County,1,IN16
18145,Shelby County,1,IN10
18147,Spencer County,1,IN15
18149,Starke County,1,IN02
18151,Steuben County,1,IN03
18153,Sullivan County,1,IN09
18155,Switzerland County,1,IN14
18157,Tippecanoe County,1,IN07
18159,Tipton County,1,IN07
18161,Union County,1,IN11
18163,Vanderburgh County,1,IN17
18165,Vermillion County,1,IN09
18167,Vigo County,1,IN09
18169,Wabash County,1,IN03
18171,Warren County,1,IN05
18173,Warrick County,1,IN17
18175,Washington County,1,IN16
18177,Wayne County,1,IN11
18179,Wells County,1,IN03
18181,White County,1,IN05
18183,Whitley County,1,IN03
19001,Adair County,1,IA04
19003,Adams County,1,IA04
19005,Allamakee County,1,IA07
19007,Appanoose County,1,IA05
19009,Audubon County,1,IA04
19011,Benton County,1,IA06
19013,Black Hawk County,1,IA06
19015,Boone County,1,IA01
19017,Bremer County,1,IA07
19019,Buchanan County,1,IA06
19021,Buena Vista County,1,IA03
19023,Butler County,1,IA07
19025,Calhoun County,1,IA01
19027,Carroll County,1,IA01
19029,Cass County,1,IA04
19031,Cedar County,1,IA06
19033,Cerro Gordo County,1,IA07
19035,Cherokee County,1,IA03
19037,Chickasaw County,1,IA07
19039,Clarke County,1,IA04
19041,Clay County,1,IA03
19043,Clayton County,1,IA06
19045,Clinton County,1,IA06
19047,Crawford County,1,IA03
19049,Dallas County,1,IA02
19051,Davis County,1,IA05
19053,Decatur County,1,IA04
19055,Delaware County,1,IA06
19057,Des Moines County,1,IA05
19059,Dickinson County,1,IA03
19061,Dubuque County,1,IA06
19063,Emmet County,1,IA07
19065,Fayette County,1,IA07
19067,Floyd County,1,IA07
19069,Franklin County,1,IA07
19071,Fremont County,1,IA04
19073,Greene County,1,IA01
19075,Grundy County,1,IA01
19077,Guthrie County,1,IA04
19079,Hamilton County,1,IA01
19081,Hancock County,1,IA07
19083,Hardin County,1,IA01
19085,Harrison County,1,IA04
19087,Henry County,1,IA05
19089,Howard County,1,IA07
19091,Humboldt County,1,IA07
19093,Ida County,1,IA03
19095,Iowa County,1,IA06
19097,Jackson County,1,IA06
19099,Jasper County,1,IA02
19101,Jefferson County,1,IA05
19103,Johnson County,1,IA06
19105,Jones County,1,IA06
19107,Keokuk County,1,IA05
19109,Kossuth County,1,IA07
19111,Lee County,1,IA05
19113,Linn County,1,IA06
19115,Louisa County,1,IA05
19117,Lucas County,1,IA05
19119,Lyon County,1,IA03
19121,Madison County,1,IA02
19123,Mahaska County,1,IA05
19125,Marion County,1,IA02
19127,Marshall County,1,IA01
19129,Mills County,1,IA04
19131,Mitchell County,1,IA07
19133,Monona County,1,IA03
19135,Monroe County,1,IA05
19137,Montgomery County,1,IA04
19139,Muscatine County,1,IA05
19141,O'Brien County,1,IA03
19143,Osceola County,1,IA03
19145,Page County,1,IA04
19147,Palo Alto County,1,IA03
19149,Plymouth County,1,IA03
19151,Pocahontas County,1,IA03
19153,Polk County,1,IA02
19155,Pottawattamie County,1,IA04
19157,Poweshiek County,1,IA01
19159,Ringgold County,1,IA04
19161,Sac County,1,IA03
19163,Scott County,1,IA06
19165,Shelby County,1,IA04
19167,Sioux County,1,IA03
19169,Story County,1,IA01
19171,Tama County,1,IA01
19173,Taylor County,1,IA04
19175,Union County,1,IA04
19177,Van Buren County,1,IA05
19179,Wapello County,1,IA05
19181,Warren County,1,IA02
19183,Washington County,1,IA05
19185,Wayne County,1,IA05
19187,Webster County,1,IA01
19189,Winnebago County,1,IA07
19191,Winneshiek County,1,IA07
19193,Woodbury County,1,IA03
19195,Worth County,1,IA07
19197,Wright County,1,IA07
20001,Allen County,1,KS07
20003,Anderson County,1,KS02
20005,Atchison County,1,KS02
20007,Barber County,1,KS05
20009,Barton County,1,KS04
20011,Bourbon County,1,KS07
20013,Brown County,1,KS02
20015,Butler County,1,KS06
20017,Chase County,1,KS06
20019,Chautauqua County,1,KS06
20021,Cherokee County,1,KS07
20023,Cheyenne County,1,KS04
20025,Clark County,1,KS05
20027,Clay County,1,KS03
20029,Cloud County,1,KS03
20031,Coffey County,1,KS02
20033,Comanche County,1,KS05
20035,Cowley County,1,KS06
20037,Crawford County,1,KS07
20039,Decatur County,1,KS04
20041,Dickinson County,1,KS03
20043,Doniphan County,1,KS02
20045,Douglas County,1,KS02
20047,Edwards County,1,KS05
20049,Elk County,1,KS06
20051,Ellis County,1,KS04
20053,Ellsworth County,1,KS03
20055,Finney County,1,KS05
20057,Ford County,1,KS05
20059,Franklin County,1,KS02
20061,Geary County,1,KS03
20063,Gove County,1,KS04
20065,Graham County,1,KS04
20067,Grant County,1,KS05
20069,Gray County,1,KS05
20071,Greeley County,1,KS04
20073,Greenwood County,1,KS06
20075,Hamilton County,1,KS05
20077,Harper County,1,KS06
20079,Harvey County,1,KS06
20081,Haskell County,1,KS05
20083,Hodgeman County,1,KS05
20085,Jackson County,1,KS02
20087,Jefferson County,1,KS02
20089,Jewell County,1,KS03
20091,Johnson County,1,KS01
20093,Kearny County,1,KS05
20095,Kingman County,1,KS06
20097,Kiowa County,1,KS05
20099,Labette County,1,KS07
20101,Lane County,1,KS04
20103,Leavenworth County,1,KS01
20105,Lincoln County,1,KS03
20107,Linn County,1,KS02
20109,Logan County,1,KS04
20111,Lyon County,1,KS02
20113,McPherson County,1,KS06
20115,Marion County,1,KS06
20117,Marshall County,1,KS02
20119,Meade County,1,KS05
20121,Miami County,1,KS01
20123,Mitchell County,1,KS03
20125,Montgomery County,1,KS06
20127,Morris County,1,KS03
20129,Morton County,1,KS05
20131,Nemaha County,1,KS02
20133,Neosho County,1,KS07
20135,Ness County,1,KS04
20137,Norton County,1,KS04
20139,Osage County,1,KS02
20141,Osborne County,1,KS04
20143,Ottawa County,1,KS03
20145,Pawnee County,1,KS05
20147,Phillips County,1,KS04
20149,Pottawatomie County,1,KS02
20151,Pratt County,1,KS05
20153,Rawlins County,1,KS04
20155,Reno County,1,KS06
20157,Republic County,1,KS03
20159,Rice County,1,KS06
20161,Riley County,1,KS03
20163,Rooks County,1,KS04
20165,Rush County,1,KS04
20167,Russell County,1,KS04
20169,Saline County,1,KS03
20171,Scott County,1,KS04
20173,Sedgwick County,1,KS06
20175,Seward County,1,KS05
20177,Shawnee County,1,KS02
20179,Sheridan County,1,KS04
20181,Sherman County,1,KS04
20183,Smith County,1,KS04
20185,Stafford County,1,KS05
20187,Stanton County,1,KS05
20189,Stevens County,1,KS05
20191,Sumner County,1,KS06
20193,Thomas County,1,KS04
20195,Trego County,1,KS04
20197,Wabaunsee County,1,KS02
20199,Wallace County,1,KS04
20201,Washington County,1,KS03
20203,Wichita County,1,KS04
20205,Wilson County,1,KS06
20207,Woodson County,1,KS07
20209,Wyandotte County,1,KS01
21001,Adair County,1,KY04
21003,Allen County,1,KY04
21005,Anderson County,1,KY05
21007,Ballard County,1,KY01
21009,Barren County,1,KY04
21011,Bath County,1,KY07
21013,Bell County,1,KY08
21015,Boone County,1,KY06
21017,Bourbon County,1,KY05
21019,Boyd County,1,KY07
21021,Boyle County,1,KY05
21023,Bracken County,1,KY07
21025,Breathitt County,1,KY08
21027,Breckinridge County,1,KY03
21029,Bullitt County,1,KY03
21031,Butler County,1,KY04
21033,Caldwell County,1,KY01
21035,Calloway County,1,KY01
21037,Campbell County,1,KY06
21039,Carlisle County,1,KY01
21041,Carroll County,1,KY03
21043,Carter County,1,KY07
21045,Casey County,1,KY04
21047,Christian County,1,KY02
21049,Clark County,1,KY05
21051,Clay County,1,KY08
21053,Clinton County,1,KY04
21055,Crittenden County,1,KY01
21057,Cumberland County,1,KY04
21059,Daviess County,1,KY02
21061,Edmonson County,1,KY04
21063,Elliott County,1,KY07
21065,Estill County,1,KY05
21067,Fayette County,1,KY05
21069,Fleming County,1,KY07
21071,Floyd County,1,KY08
21073,Franklin County,1,KY05
21075,Fulton County,1,KY01
21077,Gallatin County,1,KY06
21079,Garrard County,1,KY05
21081,Grant County,1,KY06
21083,Graves County,1,KY01
21085,Grayson County,1,KY03
21087,Green County,1,KY04
21089,Greenup County,1,KY07
21091,Hancock County,1,KY02
21093,Hardin County,1,KY03
21095,Harlan County,1,KY08
21097,Harrison County,1,KY05
21099,Hart County,1,KY04
21101,Henderson County,1,KY02
21103,Henry County,1,KY03
21105,Hickman County,1,KY01
21107,Hopkins County,1,KY02
21109,Jackson County,1,KY05
21111,Jefferson County,1,KY03
21113,Jessamine County,1,KY05
21115,Johnson County,1,KY08
21117,Kenton County,1,KY06
21119,Knott County,1,KY08
21121,Knox County,1,KY08
21123,Larue County,1,KY03
21125,Laurel County,1,KY08
21127,Lawrence County,1,KY07
21129,Lee County,1,KY08
21131,Leslie County,1,KY08
21133,Letcher County,1,KY08
21135,Lewis County,1,KY07
21137,Lincoln County,1,KY05
21139,Livingston County,1,KY01
21141,Logan County,1,KY04
21143,Lyon County,1,KY01
21145,McCracken County,1,KY01
21147,McCreary County,1,KY04
21149,McLean County,1,KY02
21151,Madison County,1,KY05
21153,Magoffin County,1,KY08
21155,Marion County,1,KY03
21157,Marshall County,1,KY01
21159,Martin County,1,KY08
21161,Mason County,1,KY07
21163,Meade County,1,KY03
21165,Menifee County,1,KY07
21167,Mercer County,1,KY05
21169,Metcalfe County,1,KY04
21171,Monroe County,1,KY04
21173,Montgomery County,1,KY05
21175,Morgan County,1,KY07
21177,Muhlenberg County,1,KY02
21179,Nelson County,1,KY03
21181,Nicholas County,1,KY05
21183,Ohio County,1,KY02
21185,Oldham County,1,KY03
21187,Owen County,1,KY05
21189,Owsley County,1,KY08
21191,Pendleton County,1,KY06
21193,Perry County,1,KY08
21195,Pike County,1,KY08
21197,Powell County,1,KY05
21199,Pulaski County,1,KY04
21201,Robertson County,1,KY07
21203,Rockcastle County,1,KY05
21205,Rowan County,1,KY07
21207,Russell County,1,KY04
21209,Scott County,1,KY05
21211,Shelby County,1,KY03
21213,Simpson County,1,KY04
21215,Spencer County,1,KY03
21217,Taylor County,1,KY04
21219,Todd County,1,KY02
21221,Trigg County,1,KY02
21223,Trimble County,1,KY03
21225,Union County,1,KY02
21227,Warren County,1,KY04
21229,Washington County,1,KY03
21231,Wayne County,1,KY04
21233,Webster County,1,KY02
21235,Whitley County,1,KY08
21237,Wolfe County,1,KY08
21239,Woodford County,1,KY05
22001,Acadia Parish,1,LA03
22003,Allen Parish,1,LA04
22005,Ascension Parish,1,LA05
22007,Assumption Parish,1,LA02
22009,Avoyelles Parish,1,LA06
22011,Beauregard Parish,1,LA04
22013,Bienville Parish,1,LA08
22015,Bossier Parish,1,LA08
22017,Caddo Parish,1,LA08
22019,Calcasieu Parish,1,LA04
22021,Caldwell Parish,1,LA07
22023,Cameron Parish,1,LA04
22025,Catahoula Parish,1,LA06
22027,Claiborne Parish,1,LA08
22029,Concordia Parish,1,LA06
22031,De Soto Parish,1,LA08
22033,East Baton Rouge Parish,1,LA05
22035,East Carroll Parish,1,LA07
22037,East Feliciana Parish,1,LA05
22039,Evangeline Parish,1,LA03
22041,Franklin Parish,1,LA07
22043,Grant Parish,1,LA06
22045,Iberia Parish,1,LA03
22047,Iberville Parish,1,LA05
22049,Jackson Parish,1,LA07
22051,Jefferson Parish,1,LA01
22053,Jefferson Davis Parish,1,LA04
22055,Lafayette Parish,1,LA03
22057,Lafourche Parish,1,LA02
22059,La Salle Parish,1,LA06
22061,Lincoln Parish,1,LA07
22063,Livingston Parish,1,LA05
22065,Madison Parish,1,LA07
22067,Morehouse Parish,1,LA07
22069,Natchitoches Parish,1,LA08
22071,Orleans Parish,1,LA01
22073,Ouachita Parish,1,LA07
22075,Plaquemines Parish,1,LA01
22077,Pointe Coupee Parish,1,LA05
22079,Rapides Parish,1,LA06
22081,Red River Parish,1,LA08
22083,Richland Parish,1,LA07
22085,Sabine Parish,1,LA08
22087,St. Bernard Parish,1,LA01
22089,St. Charles Parish,1,LA01
22091,St. Helena Parish,1,LA05
22093,St. James Parish,1,LA01
22095,St. John the Baptist Parish,1,LA01
22097,St. Landry Parish,1,LA03
22099,St. Martin Parish,1,LA03
22101,St. Mary Parish,1,LA03
22103,St. Tammany Parish,1,LA01
22105,Tangipahoa Parish,1,LA05
22107,Tensas Parish,1,LA07
22109,Terrebonne Parish,1,LA02
22111,Union Parish,1,LA07
22113,Vermilion Parish,1,LA03
22115,Vernon Parish,1,LA06
22117,Washington Parish,1,LA05
22119,Webster Parish,1,LA08
22121,West Baton Rouge Parish,1,LA05
22123,West Carroll Parish,1,LA07
22125,West Feliciana Parish,1,LA05
22127,Winn Parish,1,LA06
23001,Androscoggin County,1,ME03
23003,Aroostook County,1,ME05
23005,Cumberland County,1,ME01
23007,Franklin County,1,ME03
23009,Hancock County,1,ME05
23011,Kennebec County,1,ME02
23013,Knox County,1,ME02
23015,Lincoln County,1,ME02
23017,Oxford County,1,ME02
23019,Penobscot County,1,ME04
23021,Piscataquis County,1,ME04
23023,Sagadahoc County,1,ME01
23025,Somerset County,1,ME04
23027,Waldo County,1,ME03
23029,Washington County,1,ME05
23031,York County,1,ME01
24001,Allegany County,1,MD04
24003,Anne Arundel County,1,MD01
24005,Baltimore County,1,MD01
24009,Calvert County,1,MD02
24011,Caroline County,1,MD02
24013,Carroll County,1,MD04
24015,Cecil County,1,MD02
24017,Charles County,1,MD02
24019,Dorchester County,1,MD02
24021,Frederick County,1,MD04
24023,Garrett County,1,MD04
24025,Harford County,1,MD01
24027,Howard County,1,MD01
24029,Kent County,1,MD02
24031,Montgomery County,1,MD03
24033,Prince George's County,1,MD03
24035,Queen Anne's County,1,MD02
24037,St. Mary's County,1,MD02
24039,Somerset County,1,MD02
24041,Talbot County,1,MD02
24043,Washington County,1,MD04
24045,Wicomico County,1,MD02
24047,Worcester County,1,MD02
24510,Baltimore city,1,MD01
25001,Barnstable County,1,MA07
25003,Berkshire County,1,MA01
25005,Bristol County,2,MA03
25005,Bristol County,2,MA06
25007,Dukes County,2,MA06
25007,Dukes County,2,MA07
25009,Essex County,1,MA04
25011,Franklin County,1,MA01
25013,Hampden County,2,MA01
25013,Hampden County,2,MA02
25015,Hampshire County,1,MA01
25017,Middlesex County,4,MA02
25017,Middlesex County,4,MA03
25017,Middlesex County,4,MA04
25017,Middlesex County,4,MA05
25019,Nantucket County,1,MA07
25021,Norfolk County,3,MA03
25021,Norfolk County,3,MA05
25021,Norfolk County,3,MA06
25023,Plymouth County,3,MA03
25023,Plymouth County,3,MA06
25023,Plymouth County,3,MA07
25025,Suffolk County,1,MA05
25027,Worcester County,3,MA01
25027,Worcester County,3,MA02
25027,Worcester County,3,MA03
26001,Alcona County,1,MI15
26003,Alger County,1,MI16
26005,Allegan County,1,MI11
26007,Alpena County,1,MI15
26009,Antrim County,1,MI14
26011,Arenac County,1,MI08
26013,Baraga County,1,MI16
26015,Barry County,1,MI11
26017,Bay County,1,MI08
26019,Benzie County,1,MI14
26021,Berrien County,1,MI09
26023,Branch County,1,MI10
26025,Calhoun County,1,MI10
26027,Cass County,1,MI09
26029,Charlevoix County,1,MI14
26031,Cheboygan County,1,MI15
26033,Chippewa County,1,MI15
26035,Clare County,1,MI13
26037,Clinton County,1,MI07
26039,Crawford County,1,MI15
26041,Delta County,1,MI16
26043,Dickinson County,1,MI16
26045,Eaton County,1,MI07
26047,Emmet County,1,MI14
26049,Genesee County,1,MI05
26051,Gladwin County,1,MI13
26053,Gogebic County,1,MI16
26055,Grand Traverse County,1,MI14
26057,Gratiot County,1,MI08
26059,Hillsdale County,1,MI07
26061,Houghton County,1,MI16
26063,Huron County,1,MI06
26065,Ingham County,1,MI07
26067,Ionia County,1,MI12
26069,Iosco County,1,MI15
26071,Iron County,1,MI16
26073,Isabella County,1,MI13
26075,Jackson County,1,MI07
26077,Kalamazoo County,1,MI10
26079,Kalkaska County,1,MI14
26081,Kent County,1,MI12
26083,Keweenaw County,1,MI16
26085,Lake County,1,MI12
26087,Lapeer County,1,MI05
26089,Leelanau County,1,MI14
26091,Lenawee County,1,MI04
26093,Livingston County,1,MI04
26095,Luce County,1,MI16
26097,Mackinac County,1,MI15
26099,Macomb County,1,MI02
26101,Manistee County,1,MI14
26103,Marquette County,1,MI16
26105,Mason County,1,MI12
26107,Mecosta County,1,MI12
26109,Menominee County,1,MI16
26111,Midland County,1,MI13
26113,Missaukee County,1,MI14
26115,Monroe County,1,MI01
26117,Montcalm County,1,MI12
26119,Montmorency County,1,MI15
26121,Muskegon County,1,MI12
26123,Newaygo County,1,MI12
26125,Oakland County,1,MI02
26127,Oceana County,1,MI12
26129,Ogemaw County,1,MI15
26131,Ontonagon County,1,MI16
26133,Osceola County,1,MI12
26135,Oscoda County,1,MI15
26137,Otsego County,1,MI15
26139,Ottawa County,1,MI12
26141,Presque Isle County,1,MI15
26143,Roscommon County,1,MI15
26145,Saginaw County,1,MI08
26147,St. Clair County,1,MI03
26149,St. Joseph County,1,MI09
26151,Sanilac County,1,MI06
26153,Schoolcraft County,1,MI16
26155,Shiawassee County,1,MI05
26157,Tuscola County,1,MI06
26159,Van Buren County,1,MI09
26161,Washtenaw County,1,MI04
26163,Wayne County,1,MI01
26165,Wexford County,1,MI14
27001,Aitkin County,1,MN07
27003,Anoka County,1,MN08
27005,Becker County,1,MN06
27007,Beltrami County,1,MN07
27009,Benton County,1,MN08
27011,Big Stone County,1,MN05
27013,Blue Earth County,1,MN03
27015,Brown County,1,MN04
27017,Carlton County,1,MN02
27019,Carver County,1,MN08
27021,Cass County,1,MN07
27023,Chippewa County,1,MN05
27025,Chisago County,1,MN07
27027,Clay County,1,MN06
27029,Clearwater County,1,MN09
27031,Cook County,1,MN02
27033,Cottonwood County,1,MN04
27035,Crow Wing County,1,MN07
27037,Dakota County,1,MN08
27039,Dodge County,1,MN01
27041,Douglas County,1,MN06
27043,Faribault County,1,MN03
27045,Fillmore County,1,MN01
27047,Freeborn County,1,MN01
27049,Goodhue County,1,MN01
27051,Grant County,1,MN06
27053,Hennepin County,1,MN08
27055,Houston County,1,MN01
27057,Hubbard County,1,MN07
27059,Isanti County,1,MN07
27061,Itasca County,1,MN02
27063,Jackson County,1,MN04
27065,Kanabec County,1,MN07
27067,Kandiyohi County,1,MN05
27069,Kittson County,1,MN09
27071,Koochiching County,1,MN02
27073,Lac qui Parle County,1,MN05
27075,Lake County,1,MN02
27077,Lake of the Woods County,1,MN02
27079,Le Sueur County,1,MN03
27081,Lincoln County,1,MN04
27083,Lyon County,1,MN05
27085,McLeod County,1,MN05
27087,Mahnomen County,1,MN09
27089,Marshall County,1,MN09
27091,Martin County,1,MN03
27093,Meeker County,1,MN05
27095,Mille Lacs County,1,MN07
27097,Morrison County,1,MN07
27099,Mower County,1,MN01
27101,Murray County,1,MN04
27103,Nicollet County,1,MN03
27105,Nobles County,1,MN04
27107,Norman County,1,MN09
27109,Olmsted County,1,MN01
27111,Otter Tail County,1,MN06
27113,Pennington County,1,MN09
27115,Pine County,1,MN07
27117,Pipestone County,1,MN04
27119,Polk County,1,MN09
27121,Pope County,1,MN06
27123,Ramsey County,1,MN08
27125,Red Lake County,1,MN09
27127,Redwood County,1,MN04
27129,Renville County,1,MN05
27131,Rice County,1,MN03
27133,Rock County,1,MN04
27135,Roseau County,1,MN07
27137,St. Louis County,1,MN02
27139,Scott County,1,MN08
27141,Sherburne County,1,MN08
27143,Sibley County,1,MN05
27145,Stearns County,1,MN08
27147,Steele County,1,MN01
27149,Stevens County,1,MN06
27151,Swift County,1,MN05
27153,Todd County,1,MN07
27155,Traverse County,1,MN06
27157,Wabasha County,1,MN01
27159,Wadena County,1,MN07
27161,Waseca County,1,MN03
27163,Washington County,1,MN08
27165,Watonwan County,1,MN03
27167,Wilkin County,1,MN06
27169,Winona County,1,MN01
27171,Wright County,1,MN08
27173,Yellow Medicine County,1,MN05
28001,Adams County,1,MS06
28003,Alcorn County,1,MS06
28005,Amite County,1,MS06
28007,Attala County,1,MS06
28009,Benton County,1,MS02
28011,Bolivar County,1,MS06
28013,Calhoun County,1,MS06
28015,Carroll County,1,MS06
28017,Chickasaw County,1,MS06
28019,Choctaw County,1,MS06
28021,Claiborne County,1,MS06
28023,Clarke County,1,MS06
28025,Clay County,1,MS06
28027,Coahoma County,1,MS06
28029,Copiah County,1,MS03
28031,Covington County,1,MS06
28033,DeSoto County,1,MS01
28035,Forrest County,1,MS04
28037,Franklin County,1,MS06
28039,George County,1,MS05
28041,Greene County,1,MS04
28043,Grenada County,1,MS06
28045,Hancock County,1,MS05
28047,Harrison County,1,MS05
28049,Hinds County,1,MS03
28051,Holmes County,1,MS06
28053,Humphreys County,1,MS06
28055,Issaquena County,1,MS06
28057,Itawamba County,1,MS02
28059,Jackson County,1,MS05
28061,Jasper County,1,MS06
28063,Jefferson County,1,MS06
28065,Jefferson Davis County,1,MS06
28067,Jones County,1,MS04
28069,Kemper County,1,MS06
28071,Lafayette County,1,MS06
28073,Lamar County,1,MS04
28075,Lauderdale County,1,MS06
28077,Lawrence County,1,MS06
28079,Leake County,1,MS06
28081,Lee County,1,MS02
28083,Leflore County,1,MS06
28085,Lincoln County,1,MS06
28087,Lowndes County,1,MS06
28089,Madison County,1,MS03
28091,Marion County,1,MS06
28093,Marshall County,1,MS01
28095,Monroe County,1,MS06
28097,Montgomery County,1,MS06
28099,Neshoba County,1,MS06
28101,Newton County,1,MS06
28103,Noxubee County,1,MS06
28105,Oktibbeha County,1,MS06
28107,Panola County,1,MS06
28109,Pearl River County,1,MS04
28111,Perry County,1,MS04
28113,Pike County,1,MS06
28115,Pontotoc County,1,MS02
28117,Prentiss County,1,MS06
28119,Quitman County,1,MS06
28121,Rankin County,1,MS03
28123,Scott County,1,MS06
28125,Sharkey County,1,MS06
28127,Simpson County,1,MS03
28129,Smith County,1,MS06
28131,Stone County,1,MS05
28133,Sunflower County,1,MS06
28135,Tallahatchie County,1,MS06
28137,Tate County,1,MS01
28139,Tippah County,1,MS02
28141,Tishomingo County,1,MS06
28143,Tunica County,1,MS01
28145,Union County,1,MS02
28147,Walthall County,1,MS06
28149,Warren County,1,MS03
28151,Washington County,1,MS06
28153,Wayne County,1,MS06
28155,Webster County,1,MS06
28157,Wilkinson County,1,MS06
28159,Winston County,1,MS06
28161,Yalobusha County,1,MS06
28163,Yazoo County,1,MS06
29001,Adair County,1,MO02
29003,Andrew County,1,MO01
29005,Atchison County,1,MO01
29007,Audrain County,1,MO05
29009,Barry County,1,MO08
29011,Barton County,1,MO07
29013,Bates County,1,MO04
29015,Benton County,1,MO04
29017,Bollinger County,1,MO10
29019,Boone County,1,MO05
29021,Buchanan County,1,MO01
29023,Butler County,1,MO10
29025,Caldwell County,1,MO01
29027,Callaway County,1,MO05
29029,Camden County,1,MO05
29031,Cape Girardeau County,1,MO10
29033,Carroll County,1,MO01
29035,Carter County,1,MO09
29037,Cass County,1,MO03
29039,Cedar County,1,MO08
29041,Chariton County,1,MO05
29043,Christian County,1,MO08
29045,Clark County,1,MO02
29047,Clay County,1,MO03
29049,Clinton County,1,MO01
29051,Cole County,1,MO05
29053,Cooper County,1,MO05
29055,Crawford County,1,MO09
29057,Dade County,1,MO08
29059,Dallas County,1,MO08
29061,Daviess County,1,MO01
29063,DeKalb County,1,MO01
29065,Dent County,1,MO09
29067,Douglas County,1,MO08
29069,Dunklin County,1,MO10
29071,Franklin County,1,MO06
29073,Gasconade County,1,MO05
29075,Gentry County,1,MO01
29077,Greene County,1,MO08
29079,Grundy County,1,MO01
29081,Harrison County,1,MO01
29083,Henry County,1,MO04
29085,Hickory County,1,MO08
29087,Holt County,1,MO01
29089,Howard County,1,MO05
29091,Howell County,1,MO09
29093,Iron County,1,MO09
29095,Jackson County,1,MO03
29097,Jasper County,1,MO07
29099,Jefferson County,1,MO06
29101,Johnson County,1,MO04
29103,Knox County,1,MO02
29105,Laclede County,1,MO08
29107,Lafayette County,1,MO04
29109,Lawrence County,1,MO08
29111,Lewis County,1,MO02
29113,Lincoln County,1,MO06
29115,Linn County,1,MO02
29117,Livingston County,1,MO01
29119,McDonald County,1,MO07
29121,Macon County,1,MO02
29123,Madison County,1,MO10
29125,Maries County,1,MO05
29127,Marion County,1,MO02
29129,Mercer County,1,MO01
29131,Miller County,1,MO05
29133,Mississippi County,1,MO10
29135,Moniteau County,1,MO05
29137,Monroe County,1,MO05
29139,Montgomery County,1,MO05
29141,Morgan County,1,MO05
29143,New Madrid County,1,MO10
29145,Newton County,1,MO07
29147,Nodaway County,1,MO01
29149,Oregon County,1,MO09
29151,Osage County,1,MO05
29153,Ozark County,1,MO08
29155,Pemiscot County,1,MO10
29157,Perry County,1,MO10
29159,Pettis County,1,MO04
29161,Phelps County,1,MO09
29163,Pike County,1,MO02
29165,Platte County,1,MO03
29167,Polk County,1,MO08
29169,Pulaski County,1,MO09
29171,Putnam County,1,MO02
29173,Ralls County,1,MO02
29175,Randolph County,1,MO05
29177,Ray County,1,MO01
29179,Reynolds County,1,MO09
29181,Ripley County,1,MO09
29183,St. Charles County,1,MO06
29185,St. Clair County,1,MO04
29186,Ste. Genevieve County,1,MO06
29187,St. Francois County,1,MO06
29189,St. Louis County,1,MO06
29195,Saline County,1,MO04
29197,Schuyler County,1,MO02
29199,Scotland County,1,MO02
29201,Scott County,1,MO10
29203,Shannon County,1,MO09
29205,Shelby County,1,MO02
29207,Stoddard County,1,MO10
29209,Stone County,1,MO08
29211,Sullivan County,1,MO02
29213,Taney County,1,MO08
29215,Texas County,1,MO09
29217,Vernon County,1,MO04
29219,Warren County,1,MO06
29221,Washington County,1,MO06
29223,Wayne County,1,MO10
29225,Webster County,1,MO08
29227,Worth County,1,MO01
29229,Wright County,1,MO08
29510,St. Louis city,1,MO06
30001,Beaverhead County,1,MT04
30003,Big Horn County,1,MT04
30005,Blaine County,1,MT04
30007,Broadwater County,1,MT02
30009,Carbon County,1,MT01
30011,Carter County,1,MT04
30013,Cascade County,1,MT02
30015,Chouteau County,1,MT02
30017,Custer County,1,MT04
30019,Daniels County,1,MT04
30021,Dawson County,1,MT04
30023,Deer Lodge County,1,MT02
30025,Fallon County,1,MT04
30027,Fergus County,1,MT04
30029,Flathead County,1,MT03
30031,Gallatin County,1,MT02
30033,Garfield County,1,MT04
30035,Glacier County,1,MT04
30037,Golden Valley County,1,MT04
30039,Granite County,1,MT04
30041,Hill County,1,MT04
30043,Jefferson County,1,MT02
30045,Judith Basin County,1,MT02
30047,Lake County,1,MT03
30049,Lewis and Clark County,1,MT02
30051,Liberty County,1,MT04
30053,Lincoln County,1,MT04
30055,McCone County,1,MT04
30057,Madison County,1,MT04
30059,Meagher County,1,MT04
30061,Mineral County,1,MT04
30063,Missoula County,1,MT03
30065,Musselshell County,1,MT01
30067,Park County,1,MT04
30069,Petroleum County,1,MT04
30071,Phillips County,1,MT04
30073,Pondera County,1,MT04
30075,Powder River County,1,MT04
30077,Powell County,1,MT04
30079,Prairie County,1,MT04
30081,Ravalli County,1,MT04
30083,Richland County,1,MT04
30085,Roosevelt County,1,MT04
30087,Rosebud County,1,MT04
30089,Sanders County,1,MT04
30091,Sheridan County,1,MT04
30093,Silver Bow County,1,MT02
30095,Stillwater County,1,MT01
30097,Sweet Grass County,1,MT01
30099,Teton County,1,MT02
30101,Toole County,1,MT04
30103,Treasure County,1,MT04
30105,Valley County,1,MT04
30107,Wheatland County,1,MT04
30109,Wibaux County,1,MT04
30111,Yellowstone County,1,MT01
31001,Adams County,1,NE03
31003,Antelope County,1,NE03
31005,Arthur County,1,NE04
31007,Banner County,1,NE04
31009,Blaine County,1,NE03
31011,Boone County,1,NE03
31013,Box Butte County,1,NE04
31015,Boyd County,1,NE03
31017,Brown County,1,NE04
31019,Buffalo County,1,NE03
31021,Burt County,1,NE01
31023,Butler County,1,NE03
31025,Cass County,1,NE02
31027,Cedar County,1,NE03
31029,Chase County,1,NE04
31031,Cherry County,1,NE04
31033,Cheyenne County,1,NE04
31035,Clay County,1,NE03
31037,Colfax County,1,NE03
31039,Cuming County,1,NE03
31041,Custer County,1,NE03
31043,Dakota County,1,NE03
31045,Dawes County,1,NE04
31047,Dawson County,1,NE03
31049,Deuel County,1,NE04
31051,Dixon County,1,NE03
31053,Dodge County,1,NE01
31055,Douglas County,1,NE01
31057,Dundy County,1,NE04
31059,Fillmore County,1,NE02
31061,Franklin County,1,NE03
31063,Frontier County,1,NE04
31065,Furnas County,1,NE03
31067,Gage County,1,NE02
31069,Garden County,1,NE04
31071,Garfield County,1,NE03
31073,Gosper County,1,NE03
31075,Grant County,1,NE04
31077,Greeley County,1,NE03
31079,Hall County,1,NE03
31081,Hamilton County,1,NE03
31083,Harlan County,1,NE03
31085,Hayes County,1,NE04
31087,Hitchcock County,1,NE04
31089,Holt County,1,NE03
31091,Hooker County,1,NE04
31093,Howard County,1,NE03
31095,Jefferson County,1,NE02
31097,Johnson County,1,NE02
31099,Kearney County,1,NE03
31101,Keith County,1,NE04
31103,Keya Paha County,1,NE03
31105,Kimball County,1,NE04
31107,Knox County,1,NE03
31109,Lancaster County,1,NE02
31111,Lincoln County,1,NE04
31113,Logan County,1,NE04
31115,Loup County,1,NE03
31117,McPherson County,1,NE04
31119,Madison County,1,NE03
31121,Merrick County,1,NE03
31123,Morrill County,1,NE04
31125,Nance County,1,NE03
31127,Nemaha County,1,NE02
31129,Nuckolls County,1,NE03
31131,Otoe County,1,NE02
31133,Pawnee County,1,NE02
31135,Perkins County,1,NE04
31137,Phelps County,1,NE03
31139,Pierce County,1,NE03
31141,Platte County,1,NE03
31143,Polk County,1,NE03
31145,Red Willow County,1,NE04
31147,Richardson County,1,NE02
31149,Rock County,1,NE03
31151,Saline County,1,NE02
31153,Sarpy County,1,NE01
31155,Saunders County,1,NE01
31157,Scotts Bluff County,1,NE04
31159,Seward County,1,NE02
31161,Sheridan County,1,NE04
31163,Sherman County,1,NE03
31165,Sioux County,1,NE04
31167,Stanton County,1,NE03
31169,Thayer County,1,NE02
31171,Thomas County,1,NE04
31173,Thurston County,1,NE01
31175,Valley County,1,NE03
31177,Washington County,1,NE01
31179,Wayne County,1,NE03
31181,Webster County,1,NE03
31183,Wheeler County,1,NE03
31185,York County,1,NE02
32001,Churchill County,1,NV04
32003,Clark County,1,NV01
32005,Douglas County,1,NV03
32007,Elko County,1,NV04
32009,Esmeralda County,1,NV04
32011,Eureka County,1,NV04
32013,Humboldt County,1,NV04
32015,Lander County,1,NV04
32017,Lincoln County,1,NV04
32019,Lyon County,1,NV03
32021,Mineral County,1,NV04
32023,Nye County,1,NV01
32027,Pershing County,1,NV04
32029,Storey County,1,NV03
32031,Washoe County,1,NV02
32033,White Pine County,1,NV04
32510,Carson City,1,NV03
33001,Belknap County,1,NH01
33003,Carroll County,1,NH01
33005,Cheshire County,1,NH01
33007,Coos County,1,NH01
33009,Grafton County,1,NH01
33011,Hillsborough County,1,NH01
33013,Merrimack County,1,NH01
33015,Rockingham County,1,NH01
33017,Strafford County,1,NH01
33019,Sullivan County,1,NH01
34001,Atlantic County,1,NJ01
34003,Bergen County,1,NJ01
34005,Burlington County,1,NJ01
34007,Camden County,1,NJ01
34009,Cape May County,1,NJ01
34011,Cumberland County,1,NJ01
34013,Essex County,1,NJ01
34015,Gloucester County,1,NJ01
34017,Hudson County,1,NJ01
34019,Hunterdon County,1,NJ01
34021,Mercer County,1,NJ01
34023,Middlesex County,1,NJ01
34025,Monmouth County,1,NJ01
34027,Morris County,1,NJ01
34029,Ocean County,1,NJ01
34031,Passaic County,1,NJ01
34033,Salem County,1,NJ01
34035,Somerset County,1,NJ01
34037,Sussex County,1,NJ01
34039,Union County,1,NJ01
34041,Warren County,1,NJ01
35001,Bernalillo County,1,NM01
35003,Catron County,1,NM05
35005,Chaves County,1,NM05
35006,Cibola County,1,NM05
35007,Colfax County,1,NM05
35009,Curry County,1,NM05
35011,De Baca County,1,NM05
35013,Dona Ana County,1,NM03
35015,Eddy County,1,NM05
35017,Grant County,1,NM05
35019,Guadalupe County,1,NM05
35021,Harding County,1,NM05
35023,Hidalgo County,1,NM05
35025,Lea County,1,NM05
35027,Lincoln County,1,NM05
35028,Los Alamos County,1,NM05
35029,Luna County,1,NM05
35031,McKinley County,1,NM05
35033,Mora County,1,NM05
35035,Otero County,1,NM05
35037,Quay County,1,NM05
35039,Rio Arriba County,1,NM05
35041,Roosevelt County,1,NM05
35043,Sandoval County,1,NM01
35045,San Juan County,1,NM02
35047,San Miguel County,1,NM05
35049,Santa Fe County,1,NM04
35051,Sierra County,1,NM05
35053,Socorro County,1,NM05
35055,Taos County,1,NM05
35057,Torrance County,1,NM01
35059,Union County,1,NM05
35061,Valencia County,1,NM01
36001,Albany County,1,NY01
36003,Allegany County,1,NY02
36005,Bronx County,1,NY04
36007,Broome County,1,NY06
36009,Cattaraugus County,1,NY02
36011,Cayuga County,1,NY06
36013,Chautauqua County,1,NY02
36015,Chemung County,1,NY06
36017,Chenango County,1,NY07
36019,Clinton County,1,NY07
36021,Columbia County,1,NY01
36023,Cortland County,1,NY06
36025,Delaware County,1,NY03
36027,Dutchess County,1,NY03
36029,Erie County,1,NY02
36031,Essex County,1,NY07
36033,Franklin County,1,NY07
36035,Fulton County,1,NY01
36037,Genesee County,1,NY02
36039,Greene County,1,NY01
36041,Hamilton County,1,NY07
36043,Herkimer County,1,NY07
36045,Jefferson County,1,NY07
36047,Kings County,1,NY04
36049,Lewis County,1,NY07
36051,Livingston County,1,NY05
36053,Madison County,1,NY07
36055,Monroe County,1,NY05
36057,Montgomery County,1,NY01
36059,Nassau County,1,NY08
36061,New York County,1,NY04
36063,Niagara County,1,NY02
36065,Oneida County,1,NY07
36067,Onondaga County,1,NY06
36069,Ontario County,1,NY05
36071,Orange County,1,NY03
36073,Orleans County,1,NY02
36075,Oswego County,1,NY07
36077,Otsego County,1,NY07
36079,Putnam County,1,NY03
36081,Queens County,1,NY04
36083,Rensselaer County,1,NY01
36085,Richmond County,1,NY04
36087,Rockland County,1,NY04
36089,St. Lawrence County,1,NY07
36091,Saratoga County,1,NY01
36093,Schenectady County,1,NY01
36095,Schoharie County,1,NY01
36097,Schuyler County,1,NY06
36099,Seneca County,1,NY05
36101,Steuben County,1,NY06
36103,Suffolk County,1,NY08
36105,Sullivan County,1,NY03
36107,Tioga County,1,NY06
36109,Tompkins County,1,NY06
36111,Ulster County,1,NY03
36113,Warren County,1,NY01
36115,Washington County,1,NY01
36117,Wayne County,1,NY05
36119,Westchester County,1,NY04
36121,Wyoming County,1,NY02
36123,Yates County,1,NY05
37001,Alamance County,1,NC11
37003,Alexander County,1,NC02
37005,Alleghany County,1,NC03
37007,Anson County,1,NC04
37009,Ashe County,1,NC03
37011,Avery County,1,NC01
37013,Beaufort County,1,NC16
37015,Bertie County,1,NC12
37017,Bladen County,1,NC09
37019,Brunswick County,1,NC15
37021,Buncombe County,1,NC01
37023,Burke County,1,NC02
37025,Cabarrus County,1,NC04
37027,Caldwell County,1,NC02
37029,Camden County,1,NC12
37031,Carteret County,1,NC16
37033,Caswell County,1,NC11
37035,Catawba County,1,NC02
37037,Chatham County,1,NC11
37039,Cherokee County,1,NC01
37041,Chowan County,1,NC12
37043,Clay County,1,NC01
37045,Cleveland County,1,NC05
37047,Columbus County,1,NC15
37049,Craven County,1,NC16
37051,Cumberland County,1,NC09
37053,Currituck County,1,NC12
37055,Dare County,1,NC16
37057,Davidson County,1,NC06
37059,Davie County,1,NC06
37061,Duplin County,1,NC15
37063,Durham County,1,NC11
37065,Edgecombe County,1,NC14
37067,Forsyth County,1,NC06
37069,Franklin County,1,NC13
37071,Gaston County,1,NC05
37073,Gates County,1,NC12
37075,Graham County,1,NC01
37077,Granville County,1,NC10
37079,Greene County,1,NC14
37081,Guilford County,1,NC07
37083,Halifax County,1,NC12
37085,Harnett County,1,NC09
37087,Haywood County,1,NC01
37089,Henderson County,1,NC01
37091,Hertford County,1,NC12
37093,Hoke County,1,NC09
37095,Hyde County,1,NC16
37097,Iredell County,1,NC02
37099,Jackson County,1,NC01
37101,Johnston County,1,NC13
37103,Jones County,1,NC16
37105,Lee County,1,NC11
37107,Lenoir County,1,NC16
37109,Lincoln County,1,NC05
37111,McDowell County,1,NC01
37113,Macon County,1,NC01
37115,Madison County,1,NC01
37117,Martin County,1,NC12
37119,Mecklenburg County,1,NC04
37121,Mitchell County,1,NC01
37123,Montgomery County,1,NC08
37125,Moore County,1,NC08
37127,Nash County,1,NC14
37129,New Hanover County,1,NC15
37131,Northampton County,1,NC12
37133,Onslow County,1,NC15
37135,Orange County,1,NC11
37137,Pamlico County,1,NC16
37139,Pasquotank County,1,NC12
37141,Pender County,1,NC15
37143,Perquimans County,1,NC12
37145,Person County,1,NC11
37147,Pitt County,1,NC14
37149,Polk County,1,NC01
37151,Randolph County,1,NC07
37153,Richmond County,1,NC09
37155,Robeson County,1,NC09
37157,Rockingham County,1,NC07
37159,Rowan County,1,NC04
37161,Rutherford County,1,NC01
37163,Sampson County,1,NC09
37165,Scotland County,1,NC09
37167,Stanly County,1,NC04
37169,Stokes County,1,NC06
37171,Surry County,1,NC06
37173,Swain County,1,NC01
37175,Transylvania County,1,NC01
37177,Tyrrell County,1,NC16
37179,Union County,1,NC04
37181,Vance County,1,NC10
37183,Wake County,1,NC13
37185,Warren County,1,NC10
37187,Washington County,1,NC16
37189,Watauga County,1,NC03
37191,Wayne County,1,NC14
37193,Wilkes County,1,NC03
37195,Wilson County,1,NC14
37197,Yadkin County,1,NC06
37199,Yancey County,1,NC01
38001,Adams County,1,ND04
38003,Barnes County,1,ND04
38005,Benson County,1,ND04
38007,Billings County,1,ND04
38009,Bottineau County,1,ND04
38011,Bowman County,1,ND04
38013,Burke County,1,ND04
38015,Burleigh County,1,ND01
38017,Cass County,1,ND02
38019,Cavalier County,1,ND04
38021,Dickey County,1,ND04
38023,Divide County,1,ND04
38025,Dunn County,1,ND04
38027,Eddy County,1,ND04
38029,Emmons County,1,ND04
38031,Foster County,1,ND04
38033,Golden Valley County,1,ND04
38035,Grand Forks County,1,ND03
38037,Grant County,1,ND04
38039,Griggs County,1,ND04
38041,Hettinger County,1,ND04
38043,Kidder County,1,ND04
38045,LaMoure County,1,ND04
38047,Logan County,1,ND04
38049,McHenry County,1,ND04
38051,McIntosh County,1,ND04
38053,McKenzie County,1,ND04
38055,McLean County,1,ND04
38057,Mercer County,1,ND04
38059,Morton County,1,ND01
38061,Mountrail County,1,ND04
38063,Nelson County,1,ND04
38065,Oliver County,1,ND04
38067,Pembina County,1,ND04
38069,Pierce County,1,ND04
38071,Ramsey County,1,ND04
38073,Ransom County,1,ND04
38075,Renville County,1,ND04
38077,Richland County,1,ND04
38079,Rolette County,1,ND04
38081,Sargent County,1,ND04
38083,Sheridan County,1,ND04
38085,Sioux County,1,ND04
38087,Slope County,1,ND04
38089,Stark County,1,ND04
38091,Steele County,1,ND04
38093,Stutsman County,1,ND04
38095,Towner County,1,ND04
38097,Traill County,1,ND04
38099,Walsh County,1,ND04
38101,Ward County,1,ND04
38103,Wells County,1,ND04
38105,Williams County,1,ND04
39001,Adams County,1,OH05
39003,Allen County,1,OH02
39005,Ashland County,1,OH12
39007,Ashtabula County,1,OH11
39009,Athens County,1,OH17
39011,Auglaize County,1,OH02
39013,Belmont County,1,OH16
39015,Brown County,1,OH05
39017,Butler County,1,OH04
39019,Carroll County,1,OH15
39021,Champaign County,1,OH03
39023,Clark County,1,OH03
39025,Clermont County,1,OH05
39027,Clinton County,1,OH05
39029,Columbiana County,1,OH13
39031,Coshocton County,1,OH16
39033,Crawford County,1,OH07
39035,Cuyahoga County,1,OH11
39037,Darke County,1,OH03
39039,Defiance County,1,OH01
39041,Delaware County,1,OH09
39043,Erie County,1,OH06
39045,Fairfield County,1,OH09
39047,Fayette County,1,OH09
39049,Franklin County,1,OH09
39051,Fulton County,1,OH01
39053,Gallia County,1,OH10
39055,Geauga County,1,OH11
39057,Greene County,1,OH03
39059,Guernsey County,1,OH16
39061,Hamilton County,1,OH04
39063,Hancock County,1,OH02
39065,Hardin County,1,OH02
39067,Harrison County,1,OH16
39069,Henry County,1,OH01
39071,Highland County,1,OH05
39073,Hocking County,1,OH17
39075,Holmes County,1,OH14
39077,Huron County,1,OH06
39079,Jackson County,1,OH10
39081,Jefferson County,1,OH16
39083,Knox County,1,OH09
39085,Lake County,1,OH11
39087,Lawrence County,1,OH10
39089,Licking County,1,OH09
39091,Logan County,1,OH09
39093,Lorain County,1,OH11
39095,Lucas County,1,OH01
39097,Madison County,1,OH09
39099,Mahoning County,1,OH13
39101,Marion County,1,OH08
39103,Medina County,1,OH12
39105,Meigs County,1,OH17
39107,Mercer County,1,OH02
39109,Miami County,1,OH03
39111,Monroe County,1,OH16
39113,Montgomery County,1,OH03
39115,Morgan County,1,OH16
39117,Morrow County,1,OH08
39119,Muskingum County,1,OH16
39121,Noble County,1,OH16
39123,Ottawa County,1,OH06
39125,Paulding County,1,OH02
39127,Perry County,1,OH16
39129,Pickaway County,1,OH09
39131,Pike County,1,OH10
39133,Portage County,1,OH12
39135,Preble County,1,OH03
39137,Putnam County,1,OH02
39139,Richland County,1,OH07
39141,Ross County,1,OH10
39143,Sandusky County,1,OH06
39145,Scioto County,1,OH10
39147,Seneca County,1,OH06
39149,Shelby County,1,OH03
39151,Stark County,1,OH15
39153,Summit County,1,OH12
39155,Trumbull County,1,OH13
39157,Tuscarawas County,1,OH16
39159,Union County,1,OH09
39161,Van Wert County,1,OH02
39163,Vinton County,1,OH10
39165,Warren County,1,OH04
39167,Washington County,1,OH17
39169,Wayne County,1,OH14
39171,Williams County,1,OH01
39173,Wood County,1,OH01
39175,Wyandot County,1,OH06
40001,Adair County,1,OK05
40003,Alfalfa County,1,OK05
40005,Atoka County,1,OK05
40007,Beaver County,1,OK05
40009,Beckham County,1,OK05
40011,Blaine County,1,OK05
40013,Bryan County,1,OK05
40015,Caddo County,1,OK05
40017,Canadian County,1,OK03
40019,Carter County,1,OK05
40021,Cherokee County,1,OK05
40023,Choctaw County,1,OK05
40025,Cimarron County,1,OK05
40027,Cleveland County,1,OK03
40029,Coal County,1,OK05
40031,Comanche County,1,OK02
40033,Cotton County,1,OK05
40035,Craig County,1,OK05
40037,Creek County,1,OK04
40039,Custer County,1,OK05
40041,Delaware County,1,OK05
40043,Dewey County,1,OK05
40045,Ellis County,1,OK05
40047,Garfield County,1,OK05
40049,Garvin County,1,OK05
40051,Grady County,1,OK03
40053,Grant County,1,OK05
40055,Greer County,1,OK05
40057,Harmon County,1,OK05
40059,Harper County,1,OK05
40061,Haskell County,1,OK05
40063,Hughes County,1,OK05
40065,Jackson County,1,OK05
40067,Jefferson County,1,OK05
40069,Johnston County,1,OK05
40071,Kay County,1,OK05
40073,Kingfisher County,1,OK05
40075,Kiowa County,1,OK05
40077,Latimer County,1,OK05
40079,Le Flore County,1,OK01
40081,Lincoln County,1,OK03
40083,Logan County,1,OK03
40085,Love County,1,OK05
40087,McClain County,1,OK03
40089,McCurtain County,1,OK05
40091,McIntosh County,1,OK05
40093,Major County,1,OK05
40095,Marshall County,1,OK05
40097,Mayes County,1,OK05
40099,Murray County,1,OK05
40101,Muskogee County,1,OK05
40103,Noble County,1,OK05
40105,Nowata County,1,OK05
40107,Okfuskee County,1,OK05
40109,Oklahoma County,1,OK03
40111,Okmulgee County,1,OK04
40113,Osage County,1,OK04
40115,Ottawa County,1,OK05
40117,Pawnee County,1,OK04
40119,Payne County,1,OK05
40121,Pittsburg County,1,OK05
40123,Pontotoc County,1,OK05
40125,Pottawatomie County,1,OK05
40127,Pushmataha County,1,OK05
40129,Roger Mills County,1,OK05
40131,Rogers County,1,OK04
40133,Seminole County,1,OK05
40135,Sequoyah County,1,OK01
40137,Stephens County,1,OK05
40139,Texas County,1,OK05
40141,Tillman County,1,OK05
40143,Tulsa County,1,OK04
40145,Wagoner County,1,OK04
40147,Washington County,1,OK05
40149,Washita County,1,OK05
40151,Woods County,1,OK05
40153,Woodward County,1,OK05
41001,Baker County,1,OR06
41003,Benton County,1,OR02
41005,Clackamas County,1,OR01
41007,Clatsop County,1,OR05
41009,Columbia County,1,OR05
41011,Coos County,1,OR05
41013,Crook County,1,OR06
41015,Curry County,1,OR05
41017,Deschutes County,1,OR04
41019,Douglas County,1,OR07
41021,Gilliam County,1,OR06
41023,Grant County,1,OR06
41025,Harney County,1,OR06
41027,Hood River County,1,OR06
41029,Jackson County,1,OR07
41031,Jefferson County,1,OR06
41033,Josephine County,1,OR07
41035,Klamath County,1,OR04
41037,Lake County,1,OR04
41039,Lane County,1,OR02
41041,Lincoln County,1,OR05
41043,Linn County,1,OR02
41045,Malheur County,1,OR06
41047,Marion County,1,OR03
41049,Morrow County,1,OR06
41051,Multnomah County,1,OR01
41053,Polk County,1,OR03
41055,Sherman County,1,OR06
41057,Tillamook County,1,OR05
41059,Umatilla County,1,OR06
41061,Union County,1,OR06
41063,Wallowa County,1,OR06
41065,Wasco County,1,OR06
41067,Washington County,1,OR01
41069,Wheeler County,1,OR06
41071,Yamhill County,1,OR01
42001,Adams County,1,PA07
42003,Allegheny County,1,PA04
42005,Armstrong County,1,PA04
42007,Beaver County,1,PA04
42009,Bedford County,1,PA05
42011,Berks County,1,PA07
42013,Blair County,1,PA05
42015,Bradford County,1,PA03
42017,Bucks County,1,PA08
42019,Butler County,1,PA04
42021,Cambria County,1,PA05
42023,Cameron County,1,PA02
42025,Carbon County,1,PA03
42027,Centre County,1,PA06
42029,Chester County,1,PA08
42031,Clarion County,1,PA01
42033,Clearfield County,1,PA05
42035,Clinton County,1,PA03
42037,Columbia County,1,PA06
42039,Crawford County,1,PA01
42041,Cumberland County,1,PA09
42043,Dauphin County,1,PA09
42045,Delaware County,1,PA08
42047,Elk County,1,PA02
42049,Erie County,1,PA01
42051,Fayette County,1,PA04
42053,Forest County,1,PA01
42055,Franklin County,1,PA09
42057,Fulton County,1,PA09
42059,Greene County,1,PA04
42061,Huntingdon County,1,PA05
42063,Indiana County,1,PA04
42065,Jefferson County,1,PA05
42067,Juniata County,1,PA09
42069,Lackawanna County,1,PA03
42071,Lancaster County,1,PA07
42073,Lawrence County,1,PA04
42075,Lebanon County,1,PA09
42077,Lehigh County,1,PA06
42079,Luzerne County,1,PA03
42081,Lycoming County,1,PA03
42083,McKean County,1,PA01
42085,Mercer County,1,PA01
42087,Mifflin County,1,PA06
42089,Monroe County,1,PA03
42091,Montgomery County,1,PA08
42093,Montour County,1,PA06
42095,Northampton County,1,PA06
42097,Northumberland County,1,PA06
42099,Perry County,1,PA09
42101,Philadelphia County,1,PA08
42103,Pike County,1,PA03
42105,Potter County,1,PA02
42107,Schuylkill County,1,PA06
42109,Snyder County,1,PA06
42111,Somerset County,1,PA05
42113,Sullivan County,1,PA03
42115,Susquehanna County,1,PA03
42117,Tioga County,1,PA03
42119,Union County,1,PA06
42121,Venango County,1,PA01
42123,Warren County,1,PA01
42125,Washington County,1,PA04
42127,Wayne County,1,PA03
42129,Westmoreland County,1,PA04
42131,Wyoming County,1,PA03
42133,York County,1,PA07
44001,Bristol County,1,RI01
44003,Kent County,1,RI01
44005,Newport County,1,RI01
44007,Providence County,1,RI01
44009,Washington County,1,RI01
45001,Abbeville County,1,SC01
45003,Aiken County,1,SC02
45005,Allendale County,1,SC03
45007,Anderson County,1,SC04
45009,Bamberg County,1,SC05
45011,Barnwell County,1,SC06
45013,Beaufort County,1,SC07
45015,Berkeley County,1,SC08
45017,Calhoun County,1,SC09
45019,Charleston County,1,SC10
45021,Cherokee County,1,SC11
45023,Chester County,1,SC12
45025,Chesterfield County,1,SC13
45027,Clarendon County,1,SC14
45029,Colleton County,1,SC15
45031,Darlington County,1,SC16
45033,Dillon County,1,SC17
45035,Dorchester County,1,SC18
45037,Edgefield County,1,SC19
45039,Fairfield County,1,SC20
45041,Florence County,1,SC21
45043,Georgetown County,1,SC22
45045,Greenville County,1,SC23
45047,Greenwood County,1,SC24
45049,Hampton County,1,SC25
45051,Horry County,1,SC26
45053,Jasper County,1,SC27
45055,Kershaw County,1,SC28
45057,Lancaster County,1,SC29
45059,Laurens County,1,SC30
45061,Lee County,1,SC31
45063,Lexington County,1,SC32
45065,McCormick County,1,SC33
45067,Marion County,1,SC34
45069,Marlboro County,1,SC35
45071,Newberry County,1,SC36
45073,Oconee County,1,SC37
45075,Orangeburg County,1,SC38
45077,Pickens County,1,SC39
45079,Richland County,1,SC40
45081,Saluda County,1,SC41
45083,Spartanburg County,1,SC42
45085,Sumter County,1,SC43
45087,Union County,1,SC44
45089,Williamsburg County,1,SC45
45091,York County,1,SC46
46003,Aurora County,1,SD04
46005,Beadle County,1,SD03
46007,Bennett County,1,SD01
46009,Bon Homme County,1,SD04
46011,Brookings County,1,SD03
46013,Brown County,1,SD03
46015,Brule County,1,SD04
46017,Buffalo County,1,SD04
46019,Butte County,1,SD01
46021,Campbell County,1,SD03
46023,Charles Mix County,1,SD04
46025,Clark County,1,SD03
46027,Clay County,1,SD02
46029,Codington County,1,SD03
46031,Corson County,1,SD03
46033,Custer County,1,SD01
46035,Davison County,1,SD04
46037,Day County,1,SD03
46039,Deuel County,1,SD03
46041,Dewey County,1,SD03
46043,Douglas County,1,SD04
46045,Edmunds County,1,SD03
46047,Fall River County,1,SD01
46049,Faulk County,1,SD03
46051,Grant County,1,SD03
46053,Gregory County,1,SD04
46055,Haakon County,1,SD01
46057,Hamlin County,1,SD03
46059,Hand County,1,SD04
46061,Hanson County,1,SD04
46063,Harding County,1,SD01
46065,Hughes County,1,SD04
46067,Hutchinson County,1,SD04
46069,Hyde County,1,SD04
46071,Jackson County,1,SD01
46073,Jerauld County,1,SD04
46075,Jones County,1,SD01
46077,Kingsbury County,1,SD03
46079,Lake County,1,SD02
46081,Lawrence County,1,SD01
46083,Lincoln County,1,SD02
46085,Lyman County,1,SD04
46087,McCook County,1,SD02
46089,McPherson County,1,SD03
46091,Marshall County,1,SD03
46093,Meade County,1,SD01
46095,Mellette County,1,SD01
46097,Miner County,1,SD04
46099,Minnehaha County,1,SD02
46101,Moody County,1,SD02
46102,Oglala Lakota County,1,SD01
46103,Pennington County,1,SD01
46105,Perkins County,1,SD01
46107,Potter County,1,SD03
46109,Roberts County,1,SD03
46111,Sanborn County,1,SD04
46115,Spink County,1,SD03
46117,Stanley County,1,SD04
46119,Sully County,1,SD04
46121,Todd County,1,SD01
46123,Tripp County,1,SD04
46125,Turner County,1,SD02
46127,Union County,1,SD02
46129,Walworth County,1,SD03
46135,Yankton County,1,SD04
46137,Ziebach County,1,SD01
47001,Anderson County,1,TN02
47003,Bedford County,1,TN08
47005,Benton County,1,TN05
47007,Bledsoe County,1,TN03
47009,Blount County,1,TN02
47011,Bradley County,1,TN03
47013,Campbell County,1,TN02
47015,Cannon County,1,TN07
47017,Carroll County,1,TN05
47019,Carter County,1,TN01
47021,Cheatham County,1,TN04
47023,Chester County,1,TN05
47025,Claiborne County,1,TN02
47027,Clay County,1,TN07
47029,Cocke County,1,TN02
47031,Coffee County,1,TN08
47033,Crockett County,1,TN05
47035,Cumberland County,1,TN07
47037,Davidson County,1,TN04
47039,Decatur County,1,TN05
47041,DeKalb County,1,TN07
47043,Dickson County,1,TN08
47045,Dyer County,1,TN05
47047,Fayette County,1,TN06
47049,Fentress County,1,TN07
47051,Franklin County,1,TN03
47053,Gibson County,1,TN05
47055,Giles County,1,TN08
47057,Grainger County,1,TN02
47059,Greene County,1,TN01
47061,Grundy County,1,TN03
47063,Hamblen County,1,TN02
47065,Hamilton County,1,TN03
47067,Hancock County,1,TN01
47069,Hardeman County,1,TN05
47071,Hardin County,1,TN05
47073,Hawkins County,1,TN01
47075,Haywood County,1,TN06
47077,Henderson County,1,TN05
47079,Henry County,1,TN05
47081,Hickman County,1,TN08
47083,Houston County,1,TN08
47085,Humphreys County,1,TN08
47087,Jackson County,1,TN07
47089,Jefferson County,1,TN02
47091,Johnson County,1,TN01
47093,Knox County,1,TN02
47095,Lake County,1,TN05
47097,Lauderdale County,1,TN06
47099,Lawrence County,1,TN08
47101,Lewis County,1,TN08
47103,Lincoln County,1,TN08
47105,Loudon County,1,TN02
47107,McMinn County,1,TN03
47109,McNairy County,1,TN05
47111,Macon County,1,TN07
47113,Madison County,1,TN05
47115,Marion County,1,TN03
47117,Marshall County,1,TN08
47119,Maury County,1,TN08
47121,Meigs County,1,TN03
47123,Monroe County,1,TN02
47125,Montgomery County,1,TN04
47127,Moore County,1,TN08
47129,Morgan County,1,TN02
47131,Obion County,1,TN05
47133,Overton County,1,TN07
47135,Perry County,1,TN08
47137,Pickett County,1,TN07
47139,Polk County,1,TN03
47141,Putnam County,1,TN07
47143,Rhea County,1,TN03
47145,Roane County,1,TN02
47147,Robertson County,1,TN04
47149,Rutherford County,1,TN04
47151,Scott County,1,TN02
47153,Sequatchie County,1,TN03
47155,Sevier County,1,TN02
47157,Shelby County,1,TN06
47159,Smith County,1,TN07
47161,Stewart County,1,TN08
47163,Sullivan County,1,TN01
47165,Sumner County,1,TN04
47167,Tipton County,1,TN06
47169,Trousdale County,1,TN04
47171,Unicoi County,1,TN01
47173,Union County,1,TN02
47175,Van Buren County,1,TN07
47177,Warren County,1,TN07
47179,Washington County,1,TN01
47181,Wayne County,1,TN08
47183,Weakley County,1,TN05
47185,White County,1,TN07
47187,Williamson County,1,TN04
47189,Wilson County,1,TN04
48001,Anderson County,1,TX21
48003,Andrews County,1,TX16
48005,Angelina County,1,TX04
48007,Aransas County,1,TX07
48009,Archer County,1,TX24
48011,Armstrong County,1,TX02
48013,Atascosa County,1,TX18
48015,Austin County,1,TX26
48017,Bailey County,1,TX14
48019,Bandera County,1,TX18
48021,Bastrop County,1,TX03
48023,Baylor County,1,TX24
48025,Bee County,1,TX07
48027,Bell County,1,TX11
48029,Bexar County,1,TX18
48031,Blanco County,1,TX03
48033,Borden County,1,TX16
48035,Bosque County,1,TX23
48037,Bowie County,1,TX20
48039,Brazoria County,1,TX26
48041,Brazos County,1,TX06
48043,Brewster County,1,TX09
48045,Briscoe County,1,TX02
48047,Brooks County,1,TX15
48049,Brown County,1,TX01
48051,Burleson County,1,TX06
48053,Burnet County,1,TX03
48055,Caldwell County,1,TX03
48057,Calhoun County,1,TX22
48059,Callahan County,1,TX01
48061,Cameron County,1,TX05
48063,Camp County,1,TX20
48065,Carson County,1,TX02
48067,Cass County,1,TX20
48069,Castro County,1,TX02
48071,Chambers County,1,TX27
48073,Cherokee County,1,TX21
48075,Childress County,1,TX02
48077,Clay County,1,TX24
48079,Cochran County,1,TX14
48081,Coke County,1,TX17
48083,Coleman County,1,TX01
48085,Collin County,1,TX08
48087,Collingsworth County,1,TX02
48089,Colorado County,1,TX26
48091,Comal County,1,TX18
48093,Comanche County,1,TX01
48095,Concho County,1,TX17
48097,Cooke County,1,TX19
48099,Coryell County,1,TX11
48101,Cottle County,1,TX24
48103,Crane County,1,TX16
48105,Crockett County,1,TX17
48107,Crosby County,1,TX14
48109,Culberson County,1,TX09
48111,Dallam County,1,TX02
48113,Dallas County,1,TX08
48115,Dawson County,1,TX16
48117,Deaf Smith County,1,TX02
48119,Delta County,1,TX20
48121,Denton County,1,TX25
48123,DeWitt County,1,TX22
48125,Dickens County,1,TX14
48127,Dimmit County,1,TX18
48129,Donley County,1,TX02
48131,Duval County,1,TX12
48133,Eastland County,1,TX01
48135,Ector County,1,TX16
48137,Edwards County,1,TX18
48139,Ellis County,1,TX08
48141,El Paso County,1,TX09
48143,Erath County,1,TX25
48145,Falls County,1,TX23
48147,Fannin County,1,TX19
48149,Fayette County,1,TX03
48151,Fisher County,1,TX01
48153,Floyd County,1,TX14
48155,Foard County,1,TX24
48157,Fort Bend County,1,TX26
48159,Franklin County,1,TX20
48161,Freestone County,1,TX23
48163,Frio County,1,TX18
48165,Gaines County,1,TX16
48167,Galveston County,1,TX10
48169,Garza County,1,TX14
48171,Gillespie County,1,TX18
48173,Glasscock County,1,TX16
48175,Goliad County,1,TX22
48177,Gonzales County,1,TX18
48179,Gray County,1,TX02
48181,Grayson County,1,TX19
48183,Gregg County,1,TX13
48185,Grimes County,1,TX06
48187,Guadalupe County,1,TX18
48189,Hale County,1,TX14
48191,Hall County,1,TX02
48193,Hamilton County,1,TX11
48195,Hansford County,1,TX02
48197,Hardeman County,1,TX24
48199,Hardin County,1,TX04
48201,Harris County,1,TX10
48203,Harrison County,1,TX13
48205,Hartley County,1,TX02
48207,Haskell County,1,TX01
48209,Hays County,1,TX03
48211,Hemphill County,1,TX02
48213,Henderson County,1,TX21
48215,Hidalgo County,1,TX15
48217,Hill County,1,TX23
48219,Hockley County,1,TX14
48221,Hood County,1,TX25
48223,Hopkins County,1,TX20
48225,Houston County,1,TX04
48227,Howard County,1,TX16
48229,Hudspeth County,1,TX09
48231,Hunt County,1,TX08
48233,Hutchinson County,1,TX02
48235,Irion County,1,TX17
48237,Jack County,1,TX24
48239,Jackson County,1,TX22
48241,Jasper County,1,TX04
48243,Jeff Davis County,1,TX09
48245,Jefferson County,1,TX04
48247,Jim Hogg County,1,TX12
48249,Jim Wells County,1,TX07
48251,Johnson County,1,TX25
48253,Jones County,1,TX01
48255,Karnes County,1,TX22
48257,Kaufman County,1,TX08
48259,Kendall County,1,TX18
48261,Kenedy County,1,TX05
48263,Kent County,1,TX01
48265,Kerr County,1,TX18
48267,Kimble County,1,TX17
48269,King County,1,TX14
48271,Kinney County,1,TX18
48273,Kleberg County,1,TX07
48275,Knox County,1,TX24
48277,Lamar County,1,TX20
48279,Lamb County,1,TX14
48281,Lampasas County,1,TX11
48283,La Salle County,1,TX18
48285,Lavaca County,1,TX22
48287,Lee County,1,TX03
48289,Leon County,1,TX06
48291,Liberty County,1,TX27
48293,Limestone County,1,TX23
48295,Lipscomb County,1,TX02
48297,Live Oak County,1,TX07
48299,Llano County,1,TX03
48301,Loving County,1,TX16
48303,Lubbock County,1,TX14
48305,Lynn County,1,TX14
48307,McCulloch County,1,TX17
48309,McLennan County,1,TX23
48311,McMullen County,1,TX12
48313,Madison County,1,TX06
48315,Marion County,1,TX13
48317,Martin County,1,TX16
48319,Mason County,1,TX17
48321,Matagorda County,1,TX26
48323,Maverick County,1,TX18
48325,Medina County,1,TX18
48327,Menard County,1,TX17
48329,Midland County,1,TX16
48331,Milam County,1,TX06
48333,Mills County,1,TX11
48335,Mitchell County,1,TX01
48337,Montague County,1,TX24
48339,Montgomery County,1,TX27
48341,Moore County,1,TX02
48343,Morris County,1,TX20
48345,Motley County,1,TX14
48347,Nacogdoches County,1,TX04
48349,Navarro County,1,TX08
48351,Newton County,1,TX04
48353,Nolan County,1,TX01
48355,Nueces County,1,TX07
48357,Ochiltree County,1,TX02
48359,Oldham County,1,TX02
48361,Orange County,1,TX04
48363,Palo Pinto County,1,TX25
48365,Panola County,1,TX13
48367,Parker County,1,TX25
48369,Parmer County,1,TX02
48371,Pecos County,1,TX16
48373,Polk County,1,TX04
48375,Potter County,1,TX02
48377,Presidio County,1,TX09
48379,Rains County,1,TX21
48381,Randall County,1,TX02
48383,Reagan County,1,TX17
48385,Real County,1,TX18
48387,Red River County,1,TX20
48389,Reeves County,1,TX16
48391,Refugio County,1,TX07
48393,Roberts County,1,TX02
48395,Robertson County,1,TX06
48397,Rockwall County,1,TX08
48399,Runnels County,1,TX01
48401,Rusk County,1,TX13
48403,Sabine County,1,TX04
48405,San Augustine County,1,TX04
48407,San Jacinto County,1,TX04
48409,San Patricio County,1,TX07
48411,San Saba County,1,TX11
48413,Schleicher County,1,TX17
48415,Scurry County,1,TX01
48417,Shackelford County,1,TX01
48419,Shelby County,1,TX04
48421,Sherman County,1,TX02
48423,Smith County,1,TX21
48425,Somervell County,1,TX25
48427,Starr County,1,TX15
48429,Stephens County,1,TX01
48431,Sterling County,1,TX17
48433,Stonewall County,1,TX01
48435,Sutton County,1,TX17
48437,Swisher County,1,TX02
48439,Tarrant County,1,TX25
48441,Taylor County,1,TX01
48443,Terrell County,1,TX16
48445,Terry County,1,TX14
48447,Throckmorton County,1,TX01
48449,Titus County,1,TX20
48451,Tom Green County,1,TX17
48453,Travis County,1,TX03
48455,Trinity County,1,TX04
48457,Tyler County,1,TX04
48459,Upshur County,1,TX13
48461,Upton County,1,TX16
48463,Uvalde County,1,TX18
48465,Val Verde County,1,TX18
48467,Van Zandt County,1,TX21
48469,Victoria County,1,TX22
48471,Walker County,1,TX27
48473,Waller County,1,TX26
48475,Ward County,1,TX16
48477,Washington County,1,TX06
48479,Webb County,1,TX12
48481,Wharton County,1,TX26
48483,Wheeler County,1,TX02
48485,Wichita County,1,TX24
48487,Wilbarger County,1,TX24
48489,Willacy County,1,TX05
48491,Williamson County,1,TX03
48493,Wilson County,1,TX18
48495,Winkler County,1,TX16
48497,Wise County,1,TX25
48499,Wood County,1,TX21
48501,Yoakum County,1,TX14
48503,Young County,1,TX24
48505,Zapata County,1,TX12
48507,Zavala County,1,TX18
49001,Beaver County,1,UT06
49003,Box Elder County,1,UT02
49005,Cache County,1,UT01
49007,Carbon County,1,UT06
49009,Daggett County,1,UT06
49011,Davis County,1,UT03
49013,Duchesne County,1,UT06
49015,Emery County,1,UT06
49017,Garfield County,1,UT06
49019,Grand County,1,UT06
49021,Iron County,1,UT05
49023,Juab County,1,UT06
49025,Kane County,1,UT06
49027,Millard County,1,UT06
49029,Morgan County,1,UT02
49031,Piute County,1,UT06
49033,Rich County,1,UT01
49035,Salt Lake County,1,UT03
49037,San Juan County,1,UT06
49039,Sanpete County,1,UT06
49041,Sevier County,1,UT06
49043,Summit County,1,UT03
49045,Tooele County,1,UT03
49047,Uintah County,1,UT06
49049,Utah County,1,UT04
49051,Wasatch County,1,UT03
49053,Washington County,1,UT05
49055,Wayne County,1,UT06
49057,Weber County,1,UT02
50001,Addison County,1,VT01
50003,Bennington County,1,VT01
50005,Caledonia County,1,VT01
50007,Chittenden County,1,VT01
50009,Essex County,1,VT01
50011,Franklin County,1,VT01
50013,Grand Isle County,1,VT01
50015,Lamoille County,1,VT01
50017,Orange County,1,VT01
50019,Orleans County,1,VT01
50021,Rutland County,1,VT01
50023,Washington County,1,VT01
50025,Windham County,1,VT01
50027,Windsor County,1,VT01
51001,Accomack County,1,VA12
51003,Albemarle County,1,VA02
51005,Alleghany County,1,VA12
51007,Amelia County,1,VA07
51009,Amherst County,1,VA06
51011,Appomattox County,1,VA06
51013,Arlington County,1,VA10
51015,Augusta County,1,VA12
51017,Bath County,1,VA12
51019,Bedford County,1,VA06
51021,Bland County,1,VA12
51023,Botetourt County,1,VA08
51025,Brunswick County,1,VA12
51027,Buchanan County,1,VA12
51029,Buckingham County,1,VA12
51031,Campbell County,1,VA06
51033,Caroline County,1,VA07
51035,Carroll County,1,VA12
51036,Charles City County,1,VA07
51037,Charlotte County,1,VA12
51041,Chesterfield County,1,VA07
51043,Clarke County,1,VA10
51045,Craig County,1,VA08
51047,Culpeper County,1,VA12
51049,Cumberland County,1,VA07
51051,Dickenson County,1,VA12
51053,Dinwiddie County,1,VA07
51057,Essex County,1,VA12
51059,Fairfax County,1,VA10
51061,Fauquier County,1,VA10
51063,Floyd County,1,VA12
51065,Fluvanna County,1,VA02
51067,Franklin County,1,VA08
51069,Frederick County,1,VA11
51071,Giles County,1,VA01
51073,Gloucester County,1,VA09
51075,Goochland County,1,VA07
51077,Grayson County,1,VA12
51079,Greene County,1,VA02
51081,Greensville County,1,VA12
51083,Halifax County,1,VA12
51085,Hanover County,1,VA07
51087,Henrico County,1,VA07
51089,Henry County,1,VA12
51091,Highland County,1,VA12
51093,Isle of Wight County,1,VA09
51095,James City County,1,VA09
51097,King and Queen County,1,VA07
51099,King George County,1,VA12
51101,King William County,1,VA07
51103,Lancaster County,1,VA12
51105,Lee County,1,VA12
51107,Loudoun County,1,VA10
51109,Louisa County,1,VA07
51111,Lunenburg County,1,VA12
51113,Madison County,1,VA12
51115,Mathews County,1,VA09
51117,Mecklenburg County,1,VA12
51119,Middlesex County,1,VA12
51121,Montgomery County,1,VA01
51125,Nelson County,1,VA02
51127,New Kent County,1,VA07
51131,Northampton County,1,VA12
51133,Northumberland County,1,VA12
51135,Nottoway County,1,VA12
51137,Orange County,1,VA12
51139,Page County,1,VA12
51141,Patrick County,1,VA12
51143,Pittsylvania County,1,VA03
51145,Powhatan County,1,VA07
51147,Prince Edward County,1,VA12
51149,Prince George County,1,VA07
51153,Prince William County,1,VA10
51155,Pulaski County,1,VA01
51157,Rappahannock County,1,VA12
51159,Richmond County,1,VA12
51161,Roanoke County,1,VA08
51163,Rockbridge County,1,VA12
51165,Rockingham County,1,VA04
51167,Russell County,1,VA12
51169,Scott County,1,VA05
51171,Shenandoah County,1,VA12
51173,Smyth County,1,VA12
51175,Southampton County,1,VA12
51177,Spotsylvania County,1,VA10
51179,Stafford County,1,VA10
51181,Surry County,1,VA09
51183,Sussex County,1,VA07
51185,Tazewell County,1,VA12
51187,Warren County,1,VA10
51191,Washington County,1,VA05
51193,Westmoreland County,1,VA12
51195,Wise County,1,VA12
51197,Wythe County,1,VA12
51199,York County,1,VA09
51510,Alexandria city,1,VA10
51520,Bristol city,1,VA05
51530,Buena Vista city,1,VA12
51540,Charlottesville city,1,VA02
51550,Chesapeake city,1,VA09
51570,Colonial Heights city,1,VA07
51580,Covington city,1,VA12
51590,Danville city,1,VA03
51595,Emporia city,1,VA12
51600,Fairfax city,1,VA10
51610,Falls Church city,1,VA10
51620,Franklin city,1,VA12
51630,Fredericksburg city,1,VA10
51640,Galax city,1,VA12
51650,Hampton city,1,VA09
51660,Harrisonburg city,1,VA04
51670,Hopewell city,1,VA07
51678,Lexington city,1,VA12
51680,Lynchburg city,1,VA06
51683,Manassas city,1,VA10
51685,Manassas Park city,1,VA10
51690,Martinsville city,1,VA12
51700,Newport News city,1,VA09
51710,Norfolk city,1,VA09
51720,Norton city,1,VA12
51730,Petersburg city,1,VA07
51735,Poquoson city,1,VA09
51740,Portsmouth city,1,VA09
51750,Radford city,1,VA01
51760,Richmond city,1,VA07
51770,Roanoke city,1,VA08
51775,Salem city,1,VA08
51790,Staunton city,1,VA12
51800,Suffolk city,1,VA09
51810,Virginia Beach city,1,VA09
51820,Waynesboro city,1,VA12
51830,Williamsburg city,1,VA09
51840,Winchester city,1,VA11
53001,Adams County,1,WA07
53003,Asotin County,1,WA09
53005,Benton County,1,WA06
53007,Chelan County,1,WA07
53009,Clallam County,1,WA02
53011,Clark County,1,WA03
53013,Columbia County,1,WA09
53015,Cowlitz County,1,WA02
53017,Douglas County,1,WA07
53019,Ferry County,1,WA04
53021,Franklin County,1,WA06
53023,Garfield County,1,WA09
53025,Grant County,1,WA07
53027,Grays Harbor County,1,WA02
53029,Island County,1,WA08
53031,Jefferson County,1,WA02
53033,King County,1,WA01
53035,Kitsap County,1,WA02
53037,Kittitas County,1,WA06
53039,Klickitat County,1,WA03
53041,Lewis County,1,WA02
53043,Lincoln County,1,WA04
53045,Mason County,1,WA05
53047,Okanogan County,1,WA07
53049,Pacific County,1,WA02
53051,Pend Oreille County,1,WA04
53053,Pierce County,1,WA05
53055,San Juan County,1,WA08
53057,Skagit County,1,WA08
53059,Skamania County,1,WA03
53061,Snohomish County,1,WA08
53063,Spokane County,1,WA04
53065,Stevens County,1,WA04
53067,Thurston County,1,WA05
53069,Wahkiakum County,1,WA02
53071,Walla Walla County,1,WA09
53073,Whatcom County,1,WA08
53075,Whitman County,1,WA09
53077,Yakima County,1,WA06
54001,Barbour County,1,WV09
54003,Berkeley County,1,WV06
54005,Boone County,1,WV03
54007,Braxton County,1,WV01
54009,Brooke County,1,WV11
54011,Cabell County,1,WV05
54013,Calhoun County,1,WV01
54015,Clay County,1,WV01
54017,Doddridge County,1,WV08
54019,Fayette County,1,WV01
54021,Gilmer County,1,WV08
54023,Grant County,1,WV07
54025,Greenbrier County,1,WV01
54027,Hampshire County,1,WV07
54029,Hancock County,1,WV11
54031,Hardy County,1,WV07
54033,Harrison County,1,WV09
54035,Jackson County,1,WV10
54037,Jefferson County,1,WV06
54039,Kanawha County,1,WV02
54041,Lewis County,1,WV08
54043,Lincoln County,1,WV03
54045,Logan County,1,WV03
54047,McDowell County,1,WV03
54049,Marion County,1,WV08
54051,Marshall County,1,WV11
54053,Mason County,1,WV05
54055,Mercer County,1,WV04
54057,Mineral County,1,WV07
54059,Mingo County,1,WV03
54061,Monongalia County,1,WV08
54063,Monroe County,1,WV04
54065,Morgan County,1,WV07
54067,Nicholas County,1,WV01
54069,Ohio County,1,WV11
54071,Pendleton County,1,WV07
54073,Pleasants County,1,WV10
54075,Pocahontas County,1,WV09
54077,Preston County,1,WV09
54079,Putnam County,1,WV05
54081,Raleigh County,1,WV04
54083,Randolph County,1,WV09
54085,Ritchie County,1,WV10
54087,Roane County,1,WV01
54089,Summers County,1,WV04
54091,Taylor County,1,WV09
54093,Tucker County,1,WV09
54095,Tyler County,1,WV10
54097,Upshur County,1,WV09
54099,Wayne County,1,WV05
54101,Webster County,1,WV09
54103,Wetzel County,1,WV08
54105,Wirt County,1,WV10
54107,Wood County,1,WV10
54109,Wyoming County,1,WV03
55001,Adams County,1,WI15
55003,Ashland County,1,WI05
55005,Barron County,1,WI08
55007,Bayfield County,1,WI05
55009,Brown County,1,WI16
55011,Buffalo County,1,WI06
55013,Burnett County,1,WI05
55015,Calumet County,1,WI11
55017,Chippewa County,1,WI04
55019,Clark County,1,WI08
55021,Columbia County,1,WI14
55023,Crawford County,1,WI07
55025,Dane County,1,WI02
55027,Dodge County,1,WI11
55029,Door County,1,WI16
55031,Douglas County,1,WI05
55033,Dunn County,1,WI04
55035,Eau Claire County,1,WI04
55037,Florence County,1,WI13
55039,Fond du Lac County,1,WI11
55041,Forest County,1,WI13
55043,Grant County,1,WI07
55045,Green County,1,WI14
55047,Green Lake County,1,WI15
55049,Iowa County,1,WI07
55051,Iron County,1,WI13
55053,Jackson County,1,WI06
55055,Jefferson County,1,WI14
55057,Juneau County,1,WI15
55059,Kenosha County,1,WI09
55061,Kewaunee County,1,WI16
55063,La Crosse County,1,WI06
55065,Lafayette County,1,WI07
55067,Langlade County,1,WI13
55069,Lincoln County,1,WI10
55071,Manitowoc County,1,WI16
55073,Marathon County,1,WI10
55075,Marinette County,1,WI16
55077,Marquette County,1,WI15
55078,Menominee County,1,WI16
55079,Milwaukee County,1,WI01
55081,Monroe County,1,WI06
55083,Oconto County,1,WI16
55085,Oneida County,1,WI13
55087,Outagamie County,1,WI11
55089,Ozaukee County,1,WI12
55091,Pepin County,1,WI04
55093,Pierce County,1,WI03
55095,Polk County,1,WI03
55097,Portage County,1,WI10
55099,Price County,1,WI08
55101,Racine County,1,WI09
55103,Richland County,1,WI15
55105,Rock County,1,WI14
55107,Rusk County,1,WI08
55109,St. Croix County,1,WI03
55111,Sauk County,1,WI15
55113,Sawyer County,1,WI05
55115,Shawano County,1,WI16
55117,Sheboygan County,1,WI11
55119,Taylor County,1,WI08
55121,Trempealeau County,1,WI06
55123,Vernon County,1,WI07
55125,Vilas County,1,WI13
55127,Walworth County,1,WI14
55129,Washburn County,1,WI05
55131,Washington County,1,WI12
55133,Waukesha County,1,WI12
55135,Waupaca County,1,WI11
55137,Waushara County,1,WI11
55139,Winnebago County,1,WI11
55141,Wood County,1,WI10
56001,Albany County,1,WY03
56003,Big Horn County,1,WY03
56005,Campbell County,1,WY03
56007,Carbon County,1,WY03
56009,Converse County,1,WY03
56011,Crook County,1,WY03
56013,Fremont County,1,WY03
56015,Goshen County,1,WY03
56017,Hot Springs County,1,WY03
56019,Johnson County,1,WY03
56021,Laramie County,1,WY02
56023,Lincoln County,1,WY03
56025,Natrona County,1,WY01
56027,Niobrara County,1,WY03
56029,Park County,1,WY03
56031,Platte County,1,WY03
56033,Sheridan County,1,WY03
56035,Sublette County,1,WY03
56037,Sweetwater County,1,WY03
56039,Teton County,1,WY03
56041,Uinta County,1,WY03
56043,Washakie County,1,WY03
56045,Weston County,1,WY03
